chocolate_id,Word
88,red
88,wine
274,creamy
275,creamy
276,spice
277,sandy
278,mellow
279,vegetal
660,acidic
662,creamy
663,floral
664,long
664,lasting
727,gritty
770,complex
771,fatty
772,basic
772,cocoa
773,creamy
774,creamy
775,maltitol
938,mildly
938,rich
950,creamy
951,creamy
952,sweet
953,creamy
954,fatty
955,sweet
1092,gritty
1389,creamy
1390,grapefruit
1391,tropical
1391,fruit
1391,and
1391,mild
1391,smoke
1392,creamy
1393,sweet
1394,bitter
1394,coffee
1394,flavor
1395,smooth
1476,pasty
1477,grassy
1478,non
1478,descript
1550,muddy
1612,mild
1612,tart
1613,rich
1613,cocoa
1614,red
1614,fruit
1651,creamy
1652,vegetal
1653,tart
1654,smoke
1654,dominates
1655,earthy
1656,sandy
1657,creamy
1782,rustic
1783,sweet
1784,too
1784,sweet
1788,cherry
1789,tobacco
1790,dry
1791,fruity
1792,fresh
1792,nibs
2099,subtle
2100,red
2100,berry
2101,slight
2101,bitter
2102,modest
2103,nutty
67,spicy
68,spice
69,waxy
89,creamy
90,fruity
90,with
90,coffee
90,notes
91,coffee
92,fatty
93,creamy
94,sandy
164,smooth
165,leather
280,dry
349,creamy
350,sandy
497,sweet
498,earthy
499,sweet
533,creamy
619,dark
619,coffee
620,cinnamon
621,nutty
622,waxy
623,mild
623,mint
624,sandy
632,red
632,berry
633,sticky
665,creamy
666,creamy
667,creamy
668,creamy
669,fruity
670,smooth
671,sticky
672,mild
672,spice
956,creamy
980,buttery
1229,harsh
1229,burnt
1270,creamy
1271,cardboard
1396,cocoa
1397,creamy
1479,pasty
1601,mild
1601,tart
1615,rich
1615,cocoa
1616,tangy
1617,creamy
1618,cinnamon
1658,large
1658,nibs
1723,vanilla
1724,creamy
1725,cinnamon
1793,complex
1794,strong
1794,smokey
1794,tobacco
1795,sweet
1796,smooth
2015,sandy
2053,sandy
2054,dry
2055,sandy
2056,dry
2057,dry
2104,creamy
2105,sandy
2106,creamy
2107,creamy
2108,nutty
2108,and
2108,bitter
2108,dominate
2109,berries
2110,creamy
2136,sticky
70,sticky
148,spicy
240,nutty
241,intense
242,rich
242,cocoa
243,nutmeg
258,rich
259,unrefined
260,sweet
260,grass
281,creamy
351,dry
393,sandy
394,dry
395,cloying
396,clingy
409,sandy
410,sticky
411,sweet
412,crumbly
413,perfume
414,grainy
455,dry
500,long
500,lasting
524,dry
525,bitter
534,intense
535,lemon
625,fatty
634,intense
634,fruit
661,sticky
673,sticky
674,sticky
675,cucumber
676,creamy
725,lemon
728,muted
729,sandy
730,gritty
751,woody
941,very
941,sour
957,creamy
958,sweet
959,perfume
1046,grassy
1047,fungal
1048,sandy
1122,intense
1123,creamy
1124,spicy
1125,fruity
1126,sweet
1127,creamy
1128,crumbly
1129,grassy
1174,roasty
1250,intense
1251,sandy
1252,sandy
1253,sticky
1265,creamy
1266,nutty
1267,creamy
1268,chalky
1480,complex
1554,sandy
1555,sandy
1556,creamy
1557,floral
1659,complex
1660,fatty
1661,sandy
1748,raisins
1749,dry
1750,nutty
1751,sandy
1777,creamy
1778,nutty
1779,nutty
1780,floral
1797,grassy
2019,dry
2020,gritty
2021,tangy
2022,dry
40,roasty
41,sandy
42,gritty
71,hot
71,spice
76,dry
77,roasty
78,waxy
78,mouthfeel
79,fatty
149,spice
150,sl.
150,bitter
151,spicey
152,gritty
153,oily
154,cocoa
166,strawberries
244,intense
244,marshmallow
245,chocolate
245,covered
245,cherries
246,rustic
247,chalky
262,oily
282,oily
283,mild
283,bitter
284,fatty
285,flat
302,sticky
379,distinct
379,lemon
380,creamy
501,chewy
502,oily
507,oily
508,roasty
509,slow
510,fatty
511,dry
522,sweet
536,dark
536,berry
537,slow
538,woodsy
539,creamy
592,wood
593,dark
593,woody
626,smokey
731,sandy
732,very
732,sweet
752,hazelnut
753,sweet
754,sticky
841,complex
842,creamy
843,creamy
844,slightly
844,burnt
942,very
942,sweet
944,mild
944,nutty
945,sl.
945,sweet
946,hot
946,cocoa
947,light
947,perfume
948,gritty
960,complex
961,sweet
962,bitter
1026,dry
1027,dry
1028,dry
1029,sandy
1030,perfume
1031,red
1031,berry
1032,coffee
1033,sandy
1034,dry
1131,sweet
1157,smooth
1158,rich
1175,cocoa
1176,nutty
1177,rich
1177,cocoa
1178,rich
1274,sweet
1525,fatty
1526,sandy
1544,rich
1544,cocoa
1545,vegetable
1545,and
1545,honey
1546,creamy
1551,sticky
1602,simple
1602,red
1602,berry
1603,creamy
1604,earthy
1619,smokey
1620,bland
1662,creamy
1726,strong
1726,rubber
1752,mint
1785,sweet
1786,roasty
1798,simple
1799,smooth
1800,creamy
1882,subtle
1882,red
1882,berry
1883,black
1883,tea
1884,earthy
1885,smokey
1886,sticky
1887,slow
1887,to
1887,develop
2016,rustic
2023,nutty
2024,tea
2111,cocoa
2111,dominates
2112,rich
2112,cocoa
2113,creamy
2121,fatty
2122,fatty
2123,fatty
2156,creamy
2157,sandy
43,strong
43,pepper
44,fatty
72,strong
72,spice
73,orange
74,woody
101,creamy
102,very
102,sweet
103,roasty
104,creamy
155,grassy
156,black
156,pepper
156,and
156,banana
157,chewy
158,unrefined
204,dry
205,pasty
206,intense
207,sticky
225,ham-like
226,dark
226,cocoa
227,creamy
228,nutty
248,robust
249,dry
250,red
250,berry
251,nutty
252,pasty
345,creamy
346,oily
347,over
347,roasted
352,spice
381,creamy
382,creamy
383,creamy
384,gritty
385,intense
386,silky
456,very
456,sweet
503,spicey
504,earthy
523,red
523,berry
526,short
540,coffee
540,and
540,cocoa
541,oily
542,oily
543,fruity
544,dry
545,harsh
545,aroma
677,subtle
694,rich
694,cocoa
695,dark
695,forest
695,berry
696,caramel
696,and
696,cocoa
697,chalky
766,perfume
776,spicey
943,chunky
963,creamy
1049,ashy
1159,simple
1160,creamy
1161,cocoa
1244,marshmallow
1245,sticky
1246,watered
1246,down
1246,coffee
1247,very
1247,sweet
1254,raisin
1269,strong
1269,vanilla
1275,creamy
1333,sticky
1334,dry
1335,sticky
1426,dry
1437,rough
1481,gritty
1510,grassy
1527,earthy
1528,gritty
1621,chunky
1622,berry
1622,notes
1622,with
1622,sweet
1622,edge
1623,strong
1623,vanilla
1624,bitter
1643,bright
1643,red
1643,fruit
1663,nutty
1713,easter
1713,candy
1727,strong
1727,spicey
1753,smooth
1801,clingy
1802,smooth
1862,fudgy
1862,then
1862,spicy
1863,mild
1863,cocoa
1888,complex
2158,smokey
2159,dry
2160,dry
2203,woody
32,orange
33,cocoa
33,and
33,powerful
33,tang
34,spicy
34,and
34,candy-like
35,sweet
45,hay
75,tart
159,nuts
160,black pepper
167,creamy
168,grapes
218,smokey
219,intense
229,creamy
230,creamy
231,chunky
232,bitter
232,then
232,nutty
232,rustic
286,grassy
287,fatty
288,chunky
289,fatty
290,roasty
291,creamy
292,oily
293,oily
375,creamy
376,rustic
377,rustic
397,burnt
397,coffee
398,burnt
398,up
398,front
471,mild
472,mild
563,vanilla
589,grassy
590,brownie
591,cocoa
591,flavor
591,dominates
594,oily
635,grassy
636,earthy
637,sandy
638,sticky
678,smooth
698,dried
698,fruit
699,heavy
699,roast
700,intense
700,cocoa
701,intense
702,licorice
726,nutty
756,sweet
757,gritty
758,grits
759,strong
759,vanilla
760,gritty
830,coarse
831,cocoa
831,covered
831,strawberry
845,tart
846,red
846,berry
847,woody
848,grassy
849,spicy
850,bready
851,sandy
852,mild
852,bitter
853,woody
890,tobacco
891,roasty
892,fatty
902,cocoa
903,fatty
937,fatty
964,sweet
965,dry
966,dutched
1050,sweet
1051,mild
1051,bitter
1052,woody
1068,creamy
1069,creamy
1070,peanut
1071,creamy
1072,creamy
1073,creamy
1074,creamy
1075,creamy
1076,creamy
1162,spicy
1179,rich
1255,sticky
1256,sandy
1336,gritty
1337,rich
1337,cocoa
1338,gritty
1339,dry
1340,sandy
1341,dry
1342,orange
1343,gritty
1344,gritty
1448,unrefined
1449,unrefined
1523,rich
1523,cocoa
1529,sticky
1530,rubber
1531,creamy
1532,intense
1533,grits
1547,creamy
1558,waxy
1605,smooth
1644,grass
1645,mint
1646,fudgy
1647,grassy
1664,burnt
1664,nuts
1707,creamy
1728,dark
1728,berry
1754,rich
1754,brownie
1764,fatty
1765,uneven
1765,melt
1766,smokey
1767,intense
1787,perfume
1803,cherry
1821,perfume
1822,sticky
1823,strong
1823,spice
1827,nutty
1828,fatty
1829,fatty
1830,fatty
1864,perfume
1889,complex
1890,strawberry
1891,dried
1891,fruit
1892,earthy
1893,strawberry
1894,super
1894,temper
1960,peanut
1960,butter
1984,rustic
2017,grainy
2066,pronounced
2066,fruit
2067,peanut
2067,butter
2080,roasty
2114,creamy
2115,intense
2115,sweet
2168,nutty
2169,brownie
2194,intense
2194,prune
2194,and
2194,berry
2195,oily
2196,toffee
2204,creamy
2205,creamy
2206,oily
2207,dairy
3,fruity
4,vegetal
95,creamy
161,marshmallow
175,unrefined
176,chalky
177,chalky
186,raspberry
187,molasses
188,complex
193,gritty
224,sweet
253,roasted
253,nuts
264,gritty
265,chewy
378,oily
399,nutty
417,fatty
418,fatty
486,tart
487,sandy
488,sandy
546,creamy
547,silky
548,sandy
551,sandy
552,spice
553,sandy
554,acidic
555,sandy
571,spicy
572,grassy
573,dried
573,fruit
595,sweet
595,spice
596,spicy
597,oily
598,nutty
599,gummy
611,nice
611,melt
639,dry
679,creamy
680,sticky
703,creamy
722,buttery
755,nutty
816,nutty
817,grits
832,olive
833,fruit
834,sandpaper
854,caramel
855,tart
856,mild
856,smoke
856,and
856,fruit
857,smoke
858,sandy
893,oily
894,intense
894,olive
895,spicy
896,oily
904,oily
1053,sweet
1079,heavy
1079,roast
1080,sandy
1083,sandy
1084,very
1084,sandy
1163,creamy
1164,berry
1165,floral
1180,nutty
1197,chalky
1198,chalky
1199,fatty
1223,rich
1223,cocoa
1224,creamy
1225,fatty
1226,fatty
1227,fatty
1228,grits
1257,vanilla
1258,creamy
1259,creamy
1277,berry
1282,molasses
1283,molasses
1284,banana
1285,oily
1291,cocoa
1292,chewy
1293,grits
1317,citrus
1318,roasty
1319,cocoa
1320,sticky
1321,melon
1322,creamy
1345,gritty
1346,gritty
1347,gritty
1374,sticky
1375,uneven
1398,raisins
1402,leather
1403,sticky
1404,chemical
1417,wine
1463,sandy
1499,sandy
1500,woody
1501,fatty
1552,dry
1553,sandy
1559,light
1559,color
1560,spice
1641,dry
1642,molasses
1690,fatty
1696,muted
1697,sweet
1708,gritty
1729,dark
1729,berry
1730,orange
1731,dried
1731,fruit
1755,floral
1768,fatty
1769,buttery
1770,fatty
1775,grassy
1776,grassy
1804,banana
1895,creamy
1896,creamy
1897,cranberries
1898,intense
1899,sandy
1900,smoke
1901,mild
1901,smoke
1902,uneven
1942,oily
1943,oily
1944,fatty
1961,creamy
1965,bland
1966,vanilla
1967,dry
1985,sweet
1986,rustic
1987,rustic
2026,molasses
2027,honey
2028,gritty
2029,molasses
2030,molasses
2031,green
2031,apple
2032,molasses
2033,molasses
2034,sticky
2035,earthy
2036,molasses
2037,candy
2038,flat
2039,perfume
2058,sweet
2068,sandy
2116,green
2129,sweet
2134,spicy
2170,melon
2171,roasty
2172,mild
2172,fruit
2208,spice
2209,strawberry
2210,oily
2211,dairy
2212,butterscotch
2213,smooth
2214,smooth
2215,creamy
2216,woody
2217,creamy
2218,hint
2218,of
2218,smoke
5,oily
6,sweet
7,sandy
8,cocoa
9,mild
9,tobacco
10,mild
10,fruit
11,green
12,sticky
13,sticky
14,brief
14,fruit
14,note
15,burnt
15,rubber
46,sandy
47,cardboard
56,gritty
57,gritty
58,sandy
59,grit
60,sweet
80,oily
81,oily
105,grainy
162,gritty
163,creamy
220,cinnamon
220,and
220,nutmeg
221,tobacco
222,mocha
223,nutty
263,complex
294,oily
295,fatty
306,fatty
307,intense
308,intense
309,oily
324,chalky
330,gritty
392,gritty
400,fatty
430,sandy
431,sandy
432,sandy
433,sandy
434,mild
434,metallic
434,and
434,spice
435,molasses
436,sandy
489,intense
489,orange
512,gritty
549,oily
574,roasty
575,mild
575,smoke
576,licorice
577,acidic
612,chalky
613,fatty
614,vanilla
640,butter
641,oily
735,sandy
736,low
736,refinement
835,spice
859,chocolate
859,covered
859,banana
860,blackberries
861,cocoa
861,and
861,fresh
861,grapes
862,mildly
862,burnt
862,caramel
897,baked
897,bread
898,oily
905,dried
905,fruit
906,sandy
967,very
967,spicy
968,sweet
969,creamy
970,floral
1041,cardamon
1054,tart
1055,oily
1056,sandy
1057,oily
1058,nutty
1059,candy
1060,nutty
1061,fatty
1077,fatty
1110,raisins
1111,very
1111,sweet
1112,candy-like
1113,nutty
1130,fatty
1181,creamy
1182,sweet
1183,brownie
1230,black
1230,pepper
1231,sandy
1232,aluminum
1233,strong
1260,strong
1260,vanilla
1261,intense
1261,vanilla
1262,fatty
1263,vanilla
1272,sandy
1286,orange
1323,fatty
1328,fatty
1329,waxy
1351,sticky
1352,creamy
1353,nutty
1354,sticky
1405,strawberry
1406,molasses
1418,unrefined
1438,basic
1438,cocoa
1439,strawberry
1461,earthy
1462,too
1462,sweet
1464,sandy
1465,orange
1487,single
1487,note
1488,spicy
1538,sandy
1539,spicy
1540,sandy
1541,sandy
1542,grits
1599,gritty
1600,gritty
1606,creamy
1698,mild
1698,bitter
1699,sticky
1700,tannic
1701,creamy
1732,thick
1733,intense
1746,rich
1746,cocoa
1747,basic
1747,cocoa
1756,smooth
1757,intense
1758,creamy
1759,sticky
1874,creamy
1875,intense
1876,molasses
1877,dry
1878,dairy
1903,pronounced
1903,berry
1904,delicate
1905,roasted
1905,nuts
1906,floral
1907,smoke
1908,creamy
1909,nutty
1910,creamy
1911,grassy
1912,creamy
1913,creamy
1952,fatty
1953,unrefined
1954,gritty
1968,intense
1969,molasses
1988,light
1988,color
1989,dark
1989,color
1990,sour
1990,milk
1999,vanilla
2000,licorice
2001,oily
2002,vanilla
2081,roasty
2082,roasty
2117,yogurt
2118,complex
2130,mellow
2130,fruit
2152,sandy
2153,slow
2153,develop
2154,mild
2155,light
2155,color
2173,creamy
2174,intense
2176,salt
2176,noticeable
16,delicate
17,astringent
18,slightly
18,dry
19,nutty
20,harsh
48,citrus
49,roasty
50,nutty
106,chalky
108,sandy
109,nutty
110,bitter
111,earthy
189,creamy
261,fatty
296,creamy
297,complex
298,roasty
310,intense
311,intense
325,spicy
326,floral
327,sweet
328,fatty
333,floral
334,high
334,roast
335,roasty
336,coffee
337,sweet
348,roasty
357,fruity
358,bright
358,fruit
359,nutty
360,intense
367,intense
368,earthy
369,intense
370,green
401,oily
401,surface
402,intense
403,intense
415,tart
416,mild
416,smoke
437,caramel
438,caramel
439,soapy
447,creamy
448,mild
448,fruit
449,nutty
450,burnt
450,rubber
451,sandy
457,green
461,powdery
462,bland
482,unrefined
493,fatty
556,banana
556,nut
557,TRUE
557,to
557,sugar
578,cherry
579,heavy
579,roast
580,gummy
581,roasty
600,fatty
642,mild
642,fruit
642,and
642,spice
656,nutty
657,mild
657,cherry
658,fatty
704,black
704,pepper
705,sandy
717,spicy
718,ultra
718,fruity
719,waxy
748,spicy
749,grit
750,mild
750,bitter
761,coarse
762,spicy
763,mild
763,fruit
777,sandy
778,molasses
779,intense
780,intense
796,coconut
818,caramel
819,intense
825,coarse
826,banana
836,sweet
837,mild
837,bitter
863,orange
864,fruity
865,slow
865,develop
866,light
866,color
874,banana
875,spice
876,strong
876,fruit
899,mild
899,fatty
907,delicate
908,acidic
917,gritty
972,sandy
973,chalky
974,muted
975,fatty
976,sandy
977,smokey
978,xl
978,nibs
979,molasses
981,chewy
982,overly
982,sweet
999,nutty
1000,spicy
1001,full
1001,flavor
1001,spectrum
1002,woody
1040,TRUE
1040,to
1040,sugar
1062,raisins
1063,spicy
1064,intense
1065,woody
1066,earthy
1081,buttery
1085,intense
1086,mild
1086,metallic
1087,roasty
1088,off
1088,notes
1133,gritty
1142,strawberry
1143,intense
1144,spicy
1145,earthy
1146,nutty
1147,nutty
1148,intense
1153,vanilla
1154,mild
1154,vanilla
1154,and
1154,mild
1154,fruit
1155,vanilla
1156,intense
1187,fatty
1188,nutty
1208,intense
1221,sandy
1234,spicy
1235,dairy
1236,sweet
1278,nutty
1279,rubber
1281,muted
1294,nutty
1295,coarse
1348,tart
1355,sweet
1356,heavy
1356,roast
1357,roasty
1358,intense
1365,high
1365,roast
1366,spicy
1367,fatty
1368,molasses
1369,pungent
1376,intense
1377,dried
1377,fruit
1378,intense
1379,acidic
1383,creamy
1384,fatty
1466,sandy
1467,coarse
1468,coarse
1471,brownie
1472,grassy
1473,intense
1474,metallic
1496,roasty
1497,nutty
1498,coconut
1515,smokey
1516,intense
1517,smoke
1518,smoke
1534,red
1534,berry
1535,intensely
1535,smokey
1548,creamy
1549,fatty
1561,creamy
1562,creamy
1563,savory
1564,floral
1569,red
1569,fruit
1570,mellow
1571,intense
1571,floral
1572,vinegar
1573,earthy
1591,mild
1591,nutty
1592,mild
1592,spice
1593,gritty
1607,coarse
1608,sticky
1632,intense
1633,intense
1634,tobacco
1635,intense
1635,smoke
1648,mild
1648,nutty
1680,long
1681,perfume
1682,nutty
1683,floral
1760,red
1760,fruit
1815,fruity
1816,coffee
1831,tart
1832,intense
1832,fruity
1833,intense
1879,molasses
1914,creamy
1915,creamy
1916,basic
1916,chocolate
1917,robust
1918,spicy
1919,tart
1934,intense
1935,earthy
1945,bready
1962,floral
1963,oily
1963,surface
1991,sandy
1992,sandy
2018,coarse
2040,sweet
2041,creamy
2042,intense
2065,waxy
2074,baked
2083,intense
2091,tart
2092,creamy
2095,intense
2131,spicy
2132,spicy
2133,intense
2135,sandy
2161,mild
2161,nutty
2161,and
2161,fruit
2175,sandy
2219,waxy
21,mild
21,profile
22,grainy
22,texture
23,roasty
24,burnt
24,wood
28,yellow
28,fruit
29,intense
82,rich
83,fruity
84,high
84,roast
85,smokey
86,sandy
87,roasty
112,creamy
113,spicy
114,floral
115,creamy
116,floral
117,spicy
118,intense
119,strawberry
120,floral
178,smoke
179,coarse
181,black
181,pepper
182,molasses
190,intense
233,mild
233,bitter
234,bitter
235,molasses
236,sour
312,complex
318,tart
319,bitter
320,mild
320,smoke
321,citrus
322,roasty
323,bitter
329,powdery
344,dirt
361,assertive
362,intense
363,spicy
371,rich
388,balanced
389,dried
389,fruit
390,sour
390,milk
419,woody
420,acidic
421,floral
440,med
440,roast
441,roasty
442,nutty
460,floral
463,high
463,roast
464,roasty
467,flat
468,flat
469,spicy
483,nuts
484,bold
485,earthy
490,floral
491,mild
491,bitter
505,coarse
506,gritty
527,creamy
530,berry
531,bold
564,sandy
566,floral
567,floral
568,oily
569,off
582,intense
606,roasty
607,bold
608,sweet
609,intense
615,texture
615,issues
616,one
616,dimensional
643,sticky
659,intense
681,floral
682,nutty
684,bitter
685,fruity
686,burnt
686,rubber
706,intense
710,coarse
711,blackberry
711,and
711,cinnamon
712,sandy
713,fatty
714,dates
715,cherry
733,spicy
737,brownie
738,coarse
827,few
827,grits
828,very
828,coarse
829,intense
838,roasty
900,oily
901,oily
918,cocoa
918,and
918,coconut
919,sticky
920,deep
920,cocoa
921,red
921,fruit
922,sandy
927,mild
927,woody
971,nutty
983,rich
983,chocolate
984,rich
984,chocolate
985,sandy
1008,sandy
1009,too
1009,sweet
1010,floral
1011,palm
1012,sandy
1013,intense
1014,intense
1035,floral
1036,rich
1036,cocoa
1037,creamy
1038,muted
1042,smoke
1067,spicy
1090,intense
1091,intense
1104,off
1104,note
1189,creamy
1190,rich
1191,sandy
1192,smokey
1193,slight
1193,burnt
1194,roasty
1195,roasty
1196,gritty
1209,cocoa
1210,subtle
1211,dried
1211,fruit
1212,red
1212,fruit
1213,roasty
1237,multiple
1237,off
1237,flavors
1280,soil
1287,dried
1287,fruit
1288,smoke
1298,fruity
1299,delicate
1300,coarse
1301,rich
1302,lemon
1303,grassy
1304,sweet
1305,heavy
1305,roast
1306,roasty
1324,spicy
1324,and
1324,fragrant
1325,roasty
1326,long
1349,green
1350,mild
1350,bitter
1380,dairy
1381,fatty
1387,accessible
1407,spicy
1408,nutty
1409,woody
1410,black
1410,pepper
1411,rum
1412,banana
1434,coarse
1445,dry
1446,overly
1446,intense
1447,intense
1454,grassy
1455,sweet
1482,molasses
1483,molasses
1484,molasses
1485,molasses
1502,rich
1503,rich
1504,fruity
1505,intense
1506,earthy
1511,creamy
1513,peanut
1513,butter
1514,melon
1521,sweet
1522,off
1522,notes
1574,cocoa
1575,rich
1575,cocoa
1576,slow
1577,maple
1594,intense
1609,coarse
1625,mild
1625,fruit
1636,chunky
1637,dry
1638,metal
1639,metal
1640,coarse
1665,subdued
1684,dark
1684,berry
1685,dairy
1686,chunky
1709,refined
1714,dried
1714,fruit
1715,fruity
1716,oily
1734,mild
1734,bitter
1735,sticky
1761,deep
1762,roasty
1805,rustic
1806,off
1817,chewy
1818,grapes
1819,sticky
1820,smoked
1820,ham
1825,gritty
1826,gritty
1834,waxy
1835,oily
1836,creamy
1837,floral
1838,waxy
1843,mild
1844,sweet
1845,creamy
1846,bold
1846,cherry
1847,cigar
1848,mild
1848,cacao
1848,and
1848,fruit
1848,notes
1849,few
1849,grits
1850,smokey
1851,few
1851,grits
1852,light
1852,brown
1853,floral
1867,tangy
1920,balanced
1921,roasted
1921,nuts
1955,coconut
1956,coconut
1957,dried
1957,fruit
1958,brownie
1959,red
1959,fruit
1974,ham
1993,coarse
1994,rustic
1995,sweet
1996,rustic
1997,sour
1997,orange
1998,smokey
2003,creamy
2004,vanilla
2005,flat
2006,intense
2043,nutty
2044,bright
2044,fruit
2045,walnuts
2046,spicy
2047,floral
2048,spicy
2052,sandy
2059,peanut
2059,butter
2084,intense
2085,spicy
2119,intense
2124,peanut
2124,butter
2125,complex
2137,chalky
2138,mild
2138,metallic
2139,intense
2140,intense
2141,creamy
2182,rich
2182,base
2182,cocoa
2183,nutty
2184,sandy
2185,sandy
2186,heavy
2186,smoke
2187,very
2187,sweet
25,sweet
61,dry
62,powdery
63,sandy
64,sandy
65,sandy
107,light
107,roast
121,balanced
122,creamy
123,appealing
123,smoke
124,muddy
125,dark
125,berry
126,delicate
127,cashew
128,subtle
129,nutty
130,sticky
131,chewy
132,smoke
133,earthy
169,creamy
194,strawberry
195,creamy
196,sandy
200,intense
201,sandy
202,intense
203,intense
203,floral
208,sticky
209,caramel
210,oily
212,balanced
213,sweet
214,unbalanced
266,sandy
267,bready
268,astringent
269,roasty
299,heavy
299,roast
313,simple
314,nutty
353,gritty
372,distinct
373,mild
373,cocoa
374,deep
374,cocoa
387,rich
404,dairy
405,strong
405,nutty
405,with
405,off
405,notes
406,sandy
407,sweet
408,nutty
422,overly
422,sweet
423,sweet
424,nutty
425,mild
425,smoke
426,sweet
443,bright
443,fruit
454,slightly
454,metallic
473,sticky
474,sticky
475,molasses
476,gritty
477,sandy
478,gritty
479,roasty
480,nutty
481,gritty
513,grainy
532,woody
558,creamy
559,oily
583,cherry
601,floral
602,raisins
603,nut
610,mild
610,cherry
617,high
617,roast
618,high
618,roast
630,vanilla
644,tropical
644,berry
687,licorice
720,dried
720,fruit
721,mild
724,dry
743,carrots
767,roasty
768,metallic
769,fatty
797,strong
797,vanilla
798,vanilla
799,gummy
800,sticky
801,gummy
877,vegetal
909,oily
910,oily
928,mild
928,strawberry
932,sweet
932,edge
933,mild
933,molasses
934,sour
934,off
934,flavor
939,rich
986,powdery
993,powdery
997,pungent
997,raisin
998,mostly
998,earthy
1003,astringent
1004,floral
1005,strong
1005,floral
1006,dark
1006,berry
1007,creamy
1020,mild
1020,caramel
1021,intense
1022,sour
1023,nutty
1039,sour
1078,sour
1149,creamy
1150,oranges
1151,spicy
1152,astringent
1200,spicy
1214,floral
1222,sweet
1222,edge
1276,hammy
1296,basic
1297,nutty
1307,intense
1312,pungent
1313,pungent
1314,smokey
1315,earthy
1330,sandy
1331,sandy
1332,sticky
1362,gritty
1428,gritty
1435,sticky
1451,earthy
1457,gritty
1458,gritty
1459,dry
1460,sweet
1509,nutty
1519,cocoa
1520,bitter
1536,sweet
1565,complex
1578,strawberry
1579,fruity
1584,intense
1595,sour
1631,banana
1649,dense
1687,floral
1705,waxy
1706,gritty
1710,pungent
1717,fatty
1736,floral
1743,dried
1743,fruit
1744,fatty
1745,roasty
1763,robust
1824,earthy
1839,rich
1839,cocoa
1840,sticky
1841,basic
1841,cocoa
1854,light
1854,color
1855,creamy
1856,apple
1857,delicate
1858,gummy
1859,creamy
1868,intense
1869,sticky
1870,sticky
1872,sweet
1873,spicy
1922,creamy
1923,evolves
1923,black
1923,pepper
1923,to
1923,citrus
1924,banana
1925,creamy
1926,robust
1926,dark
1926,tropical
1926,fruit
1927,creamy
1928,nutty
1946,floral
1947,powdery
1948,spicy
1970,powdery
1971,sandy
1972,sticky
1973,spicy
2009,earthy
2025,strong
2025,vanilla
2063,bright
2063,fruit
2087,coarse
2093,sandy
2094,sweet
2142,sweet
2143,pungent
2144,nutty
2147,dry
2148,grapes
2162,rich
2162,cocoa
2163,strong
2163,malt
2164,nutty
2165,nutty
2188,sticky
2189,smoke
2190,tobacco
2191,melon
2192,sticky
2193,sticky
2197,smokey
2198,oily
51,strawberry
52,sandy
53,sandy
54,sandy
55,sandy
134,creamy
135,long
135,lasting
136,slight
136,roasty
137,sour
137,fruit
138,rich
138,cocoa
139,dried
139,fruit
191,slightly
191,dry
192,intense
198,smokey
199,caramel
270,pungent
270,off
270,flavor
315,sandy
316,earthy
444,nutty
452,dark
452,roast
550,oily
565,hammy
584,cocoa
645,well
645,defined
646,blackberry
647,sticky
707,candy
707,like
707,off
707,flavor
839,slight
839,dry
867,long
867,lasting
868,rich
868,cocoa
869,rich
869,cocoa
872,creamy
873,creamy
878,creamy
923,chewy
924,fatty
935,creamy
1082,molasses
1094,full
1094,bodied
1095,dairy
1096,sweet
1097,floral
1098,vanilla
1099,candy
1099,like
1100,floral
1134,medium
1134,roast
1135,gritty
1136,sticky
1204,well
1204,balanced
1215,mild
1216,strong
1216,raspberry
1217,smokey
1242,oily
1264,mild
1264,earthy
1289,sweet
1308,earthy
1399,sandy
1429,slight
1429,grainy
1430,tangy
1431,few
1431,grits
1580,sticky
1581,grape
1582,creamy
1688,sticky
1691,peanut
1692,intense
1693,spice
1694,few
1694,grits
1695,intense
1695,smoke
1711,basic
1711,cocoa
1712,green
1737,smooth
1771,nuts
1772,off
1772,note
1781,few
1781,grits
1842,caramel
1860,cherry
1861,complex
1866,grassy
1880,sticky
1929,creamy
1930,creamy
1936,tart
1937,dry
1938,sticky
1939,few
1939,grits
1940,dry
1941,sandy
1949,sandy
1950,floral
1951,floral
1964,fatty
2086,dry
2088,dry
2089,dry
2090,dry
2096,spice
2120,intense
2149,earthy
2180,sour
2180,milk
2181,spicy
2220,strong
2220,nutty
26,sweet
27,alluring
27,aroma
66,sweet
96,sweet
97,vanilla
98,vanilla
99,nutty
140,smooth
141,nuts
144,smooth
145,roasty
146,melon
147,cocoa
171,long
172,waxy
173,sandy
174,sandy
180,bland
211,high
211,acidity
215,gummy
216,gummy
217,off
217,aroma
237,smooth
237,texture
238,gritty
239,fatty
254,sweet
255,floral
256,molasses
300,oily
301,creamy
303,spicy
304,sweet
305,balanced
317,nuts
331,roasty
331,and
331,under
331,refined
332,dirt
354,light
354,color
355,light
355,color
356,light
356,color
364,sandy
427,off
427,notes
453,butter
458,spicy
494,high
494,astringent
495,sandy
496,sandy
514,sweet
515,bold
570,sweet
585,ripe
585,orange
586,nutty
587,vegetal
627,mild
627,bitter
628,dirty
629,metallic
648,cocoa
683,creamy
688,near
688,perfect
688,shine
689,molasses
690,molasses
690,notes
690,from
690,sugar
708,intense
708,earthy
716,smooth
739,simple
740,spicy
741,fruity
742,earthy
744,intens
764,prominent
764,plum
764,note
789,roasty
790,high
790,acidity
791,hammy
792,hammy
793,muted
794,fruit
795,molasses
802,roasty
803,sandy
804,nuts
805,sandy
806,coffee
820,nutty
821,dried
821,fruit
822,large
822,grits
823,sl.
823,dry
824,large
824,grits
870,complex
871,roasty
879,honey
880,banana
881,strong
881,cocoa
882,cocoa
883,black
883,pepper
884,unique
884,flavor
885,delicate
886,woody
887,high
887,acidity
888,sweet
889,floral
913,dried
913,fruit
914,grainy
914,texture
915,accessible
916,cheesy
916,off
916,flavor
925,dry
929,poor
929,texture
936,fruit
949,earthy
987,flat
1015,fruity
1016,lemon
1017,sour
1018,harsh
1018,flavor
1019,light
1019,color
1043,dry
1089,woody
1093,sandy
1101,complex
1102,bold
1103,gritty
1106,brownie
1107,nutty
1108,herbal
1109,floral
1137,intense
1138,nuts
1139,roasty
1167,molasses
1168,tart
1169,anise
1170,earthy
1171,fruit
1172,dry
1184,rich
1184,cocoa
1185,citrus
1186,mild
1186,hammy
1201,complex
1202,sandy
1203,simple
1218,brownie
1238,intense
1238,mocha
1238,flavor
1239,nutty
1240,smokey
1241,potting
1241,soil
1243,rustic
1273,gummy
1309,complex
1310,sweet
1311,off
1311,notes
1316,dried
1316,fruit
1327,fatty
1382,earthy
1385,dried
1385,fruit
1386,roasty
1388,grape
1413,grape
1414,candy
1414,spices
1415,complex
1416,fatty
1422,grape
1423,cocoa
1424,coconut
1425,intense
1440,earthy
1441,dirty
1450,fatty
1452,chalky
1456,fruity
1475,dry
1486,notes
1486,from
1486,sugar
1490,pungent
1491,sweet
1492,basic
1492,cocoa
1493,spicy
1524,creamy
1537,intense
1537,spice
1543,fatty
1566,creamy
1567,vanilla
1568,molasses
1610,mild
1610,smokey
1650,marshmallow
1677,sour
1677,palm
1678,molasses
1689,dominant
1689,savory
1702,pungent
1718,creamy
1719,dominant
1719,spice
1720,floral
1740,muted
1773,complex
1774,cocoa
1774,base
1807,sticky
1808,earthy
1809,dry
1865,nuts
1881,molasses
1881,undertone
1931,creamy
1932,nutty
1933,sweet
1933,edge
1976,acidic
1977,buttery
1978,cardboard
1979,fatty
1980,pungent
2061,spicy
2062,floral
2069,honey
2070,spicy
2071,metallic
2075,sweet
2076,powdery
2097,roasty
2097,cocoa
2126,dark
2126,berry
2127,earthy
2128,smokey
2145,earthy
2146,vanilla
2150,nuts
2151,creamy
2199,large
2199,grits
2200,sandy
2201,intense
2201,earthy
2202,fatty
2221,muted
2222,fatty
2223,fatty
0,cocoa
1,cocoa
2,rich
2,cocoa
36,sandy
37,basic
38,sweet
39,unrefined
100,nut
142,herbs
143,burn
143,butterscotch
170,off
170,aroma
183,base
183,cocoa
184,bitter
185,gritty
197,strong
197,vanilla
257,off
271,grassy
272,sweet
273,sweet
338,smokey
339,base
339,cocoa
339,w/
339,palm
339,notes
340,molasses
341,subtle
341,but
341,refreshing
342,vegetal
343,off
343,pungent
365,raspberry
366,high
366,astringent
391,ripe
391,grapes
428,molasses
429,sandy
445,smooth
446,smooth
459,sl.
459,chalky
465,chunky
466,grassy
470,sugar
470,dominates
492,nutty
516,creamy
517,smooth
518,rich
518,cocoa
519,basic
519,cocoa
520,cocoa
521,roasty
529,raw
588,green
588,apple
604,muted
605,muted
631,smokey
649,creamy
650,sticky
652,complex
653,bland
654,cocoa
655,late
655,cocoa
691,dry
692,dry
693,dry
709,cocoa
723,nutty
734,cocoa
745,muddy
746,fruit
747,dirty
765,dominated
765,by
765,heavy
765,roast
785,cherry
786,caramel
787,plums
788,creamy
807,roasted
807,nuts
808,sticky
809,floral
810,fig
811,nutty
812,off
813,honey
814,fruit
815,dirty
840,tea
911,balanced
912,black
912,current
926,earthy
930,floral
931,acidic
940,sour
940,grapes
988,sandy
989,sandy
990,earthy
991,cocoa
992,pungent
994,nutty
995,rubber
996,sandy
1024,butterscotch
1025,high
1025,acid
1044,sour
1044,raisin
1045,fatty
1114,creamy
1115,creamy
1116,creamy
1117,sandy
1118,creamy
1119,base
1119,cocoa
1120,spicy
1121,muted
1140,astringent
1141,light
1141,color
1166,unrefined
1173,sandy
1205,sandy
1206,base
1206,cocoa
1207,sandy
1219,woody
1220,spoiled
1220,milk
1248,gritty
1249,gritty
1290,dried
1290,fruit
1370,smooth
1371,creamy
1372,dry
1373,floral
1400,dairy
1401,sandy
1419,sandy
1420,dry
1421,dry
1427,sandy
1432,complex
1436,powdery
1442,cocoa
1443,dark
1443,berry
1444,roasty
1469,bold
1470,strong
1489,floral
1494,strong
1494,base
1494,cocoa
1495,sour
1512,intense
1512,grapes
1583,intense
1583,spicy
1585,sandy
1586,fig
1587,fruit
1588,cocoa
1589,burnt
1589,caramel
1590,harsh
1596,nut
1597,fatty
1598,rubbery
1611,off
1611,aroma
1626,powdery
1627,rich
1627,cocoa
1666,deep
1666,cocoa
1667,spicy
1668,dried
1668,fruit
1669,tobacco
1670,rich
1670,cocoa
1671,smoke
1672,complex
1673,fruit
1674,roasty
1675,high
1675,acidity
1676,sandy
1679,fruit
1703,bold
1721,floral
1722,grassy
1738,complex
1739,rich
1739,brownie
1741,fatty
1742,fatty
1810,cocoa
1811,sharp
1812,full
1812,cocoa
1812,flavor
1813,spicy
1814,black
1814,pepper
1871,intense
1975,fruit
2007,intense
2007,cocoa
2008,cocoa
2010,fig
2011,blackberry
2012,vanilla
2013,nutty
2014,nutty
2049,muted
2050,berries
2051,harsh
2060,pure
2064,bland
2072,dull
2073,nutty
2166,intense
2167,flat
2177,nutty
2178,coarse
2179,overly
2179,sweet
30,hot
30,cocoa
31,herbal
528,balanced
560,banana
561,deep
561,cherry
562,nutty
651,burnt
651,honey
781,fruit
782,banana
783,off
784,nutty
1105,harsh
1132,poor
1132,finish
1359,sweet
1359,edge
1360,nutty
1361,roasty
1363,cocoa
1364,musty
1433,sour
1433,fig
1453,light
1453,color
1507,spicy
1508,cocoa
1628,sweet
1629,creamy
1630,swiss
1630,miss
1704,intense
1704,plum
1981,burnt
1981,black
1981,licorice
1982,savory
1982,lemon
1983,dried
1983,fig
2077,very
2077,sandy
2078,tart
2079,woody
2098,roasted
2098,strawberry
88,rich
88,cocoa
274,fatty
275,coconut
276,woodsy
277,creamy
278,tart
279,dominant
279,tobacco
660,astringent
662,basic
662,cocoa
663,olive
664,fruit
727,chalky
770,raspberry
771,rich
772,short
772,length
773,floral
774,roasty
775,cocoa
938,basic
950,sweet
951,blackberry
952,rich
952,cocoa
953,sweet
954,cocoa
955,creamy
1092,unrefined
1389,raisins
1390,spices
1392,licorice
1393,crisp
1393,nibs
1395,bold
1476,complex
1477,earthy
1478,poor
1478,aftertaste
1550,pasty
1612,long
1612,and
1612,rich
1613,marshmallow
1614,smokey
1651,spicy
1652,fruit
1653,fruit
1654,mild
1654,fruit
1655,tobacco
1656,roasty
1657,fatty
1782,cherry
1783,cherry
1784,candy-like
1788,mild
1788,bitter
1789,sweet
1790,bitter
1791,smokey
1792,chocolate
1792,base
1792,off
2099,smooth
2100,rich
2100,cocoa
2101,woody
2102,creamy
2103,vegetal
67,strawberry
68,nut
69,nutty
89,fruit
91,fruit
92,dairy
93,earthy
94,woody
164,astringent
165,black
165,licorice
280,floral
349,woody
350,dairy
497,marshmallow
498,floral
499,cardboard
533,woodsy
619,cocoa
620,nutmeg
621,simple
622,tobacco
623,basic
623,cocoa
624,cloying
632,lingering
632,coffee
633,woodsy
665,complex
666,nuts
667,mint
668,smokey
669,basic
669,cocoa
670,banana
671,smoke
672,licorice
956,sandy
980,floral
1229,mild
1229,cocoa
1270,subtle
1270,grape
1270,notes
1271,tea-like
1396,orange
1397,smoke
1479,strong
1479,off
1479,flavor
1601,wine
1615,tart
1615,citrus
1616,floral
1617,cocoa
1618,bitter
1618,aftertaste
1658,spicy
1723,dark
1723,roast
1724,caramel
1725,hazelnut
1793,strawberry
1795,base
1795,cocoa
1796,complex
2015,sour
2015,banana
2053,sweet
2054,slightly
2054,tart
2055,sweet
2056,gritty
2057,very
2057,bland
2104,blueberry
2105,vegetal
2106,cherry
2107,rich
2109,tart
2110,fatty
2136,cocoa
70,nutty
148,minty
240,astringent
241,rum
242,red
242,berry
243,sour
258,leather
259,fruity
260,muted
260,spice
281,strawberry
351,flat
351,flavor
393,sweet
394,spicy
395,fatty
396,hint
396,of
396,fruit
409,sweet
410,sweet
411,floral
412,cinnamon
413,chemical
413,off
413,note
414,intense
455,sandy
500,cocoa
500,base
524,sandy
525,light
525,lime
534,tangy
535,sour
625,rich
625,cocoa
634,bitter
634,ending
661,floral
673,olive
674,grassy
675,hot
675,spices
676,woody
725,tart
728,cherry
729,banana
730,sweet
751,cocoa
941,grassy
957,nutty
958,vanilla
959,vanilla
1046,tobacco
1047,mushroom
1048,sweet
1122,mint
1123,mild
1123,marshmallow
1124,mild
1124,bitter
1125,floral
1126,vanilla
1127,nutty
1128,vanilla
1129,earthy
1174,dark
1174,berry
1250,nutty
1251,woody
1252,red
1252,berry
1253,bitter
1265,hay
1266,cooling
1266,sensation
1267,nutty
1268,astringent
1480,intense
1480,banana
1554,green
1555,rubber
1556,sweet
1557,rubber
1659,herbal
1660,mild
1660,fruit
1661,sour
1748,sour
1749,honey
1750,earthy
1751,heavy
1751,roast
1777,vanilla
1778,spicy
1779,basic
1779,cocoa
1780,spicey
1797,black
1797,pepper
2019,red
2019,berry
2020,sweet
2021,off
2022,musty
40,nutty
41,sweet
42,spice
71,roasty
76,chalky
77,oddly
77,sweet
78,spicy
79,mushroom
149,cocoa
150,cherry
151,mild
151,metallic
152,very
152,smokey
153,nutty
154,dominate
154,off
154,note
166,mild
166,tart
244,cocoa
246,red
246,berry
247,strong
262,flat
282,intense
282,cocoa
283,nut
284,roasty
285,bread
302,lavender
380,nutty
501,fudge-like
502,grassy
507,muted
508,tart
509,fatty
510,cigarette
510,butt
511,ashy
522,peanut
522,butter
536,wine
537,less
537,intense
537,berry
538,nutty
539,buttery
592,holiday
592,spice
593,plum
626,chalky
731,bold
732,marshmallow
752,fruit
753,vanilla
754,slight
754,plum
841,mild
841,licorice
842,roasty
843,simple
844,earthy
942,coffee
944,spicy
945,nutty
946,very
946,nutty
947,mild
948,roasty
960,fruit
961,mild
961,lemon
962,fatty
1026,nutty
1027,intense
1027,floral
1028,floral
1029,perfume
1030,burning
1031,cocoa
1032,red
1032,berry
1033,red
1033,berry
1034,sour
1131,vanilla
1131,dominates
1157,rich
1158,spice
1175,caramel
1176,grassy
1177,burning
1177,sensation
1178,sweet
1274,vanilla
1525,cheese
1526,cheese
1544,bread
1544,notes
1546,sour
1546,banana
1551,tobacco
1602,rich
1603,fruit
1603,forward
1604,nutty
1619,floral
1620,subtle
1620,dairy
1662,burnt
1726,off
1726,chemical
1752,sweet
1752,spices
1785,marshmallow
1786,rich
1786,cocoa
1798,delicate
1798,cocoa
1799,tart
1800,grassy
1882,complex
1884,woody
1885,mushroom
1886,few
1886,grits
1887,nutty
2016,sweet
2023,candy-like
2024,sweet
2111,woodsy
2112,hot
2112,spice
2113,cocoa
2121,bland
2122,sour
2123,bitter
2156,earthy
2157,rich
43,musty
44,intense
72,intense
72,pepper
73,cinnamon
74,red
74,berry
101,sweet
102,bright
102,red
103,fatty
104,red
104,berry
155,black
155,licorice
157,grassy
158,distinct
158,spicey
204,cinnamon
205,nutty
206,smokey
207,moss
225,smokey
226,spicy
226,pepper
227,macadamia
228,light
228,toffee
248,cocoa
249,cardamom
250,strong
250,wine
251,mild
251,bitter
252,off
252,spicey
345,burnt
345,wood
346,buttery
347,bitter
352,fruit
352,medley
381,mild
381,spice
382,mild
382,spice
383,earthy
384,fudge-like
385,roasty
386,andes
386,mint
456,very
456,spicey
503,cocoa
504,sweet
523,bitter
526,mild
526,cocoa
541,fatty
542,coffee
543,bland
544,spicy
545,melon
545,floral
677,caramel
694,fruity
695,spice
697,bread
766,floral
776,marshmallow
943,muted
963,mild
963,tobacco
1049,woody
1159,rich
1159,hot
1159,cocoa
1160,cocoa
1161,nutty
1244,rich
1244,brownie
1245,marshmallow
1246,cocoa
1247,caramel
1254,chewy
1269,some
1269,spice
1275,crunchy
1333,earthy
1334,sticky
1335,woody
1426,coffee
1426,notes
1426,from
1426,roaster
1437,sweet
1481,vanilla
1510,vanilla
1527,cheesy
1528,simple
1528,cocoa
1621,rich
1621,and
1621,spicy
1623,nutty
1624,coffee
1643,smoke
1663,red
1663,berry
1713,burnt
1727,earthy
1727,green
1753,intense
1801,subtle
1802,grassy
1862,vanilla
1863,fruity
1888,nut
2158,fruity
2159,nutty
2160,mild
2160,fruit
2203,butterscotch
32,floral
35,subtle
35,strawberry
45,nut
75,lemon
159,butterscotch
160,chemical
167,woody
168,woody
218,raspberries
219,red
219,berry
229,nutty
230,banana
231,nutty
232,earthy
286,black
286,pepper
287,spicy
288,very
288,grassy
289,raisin
290,woody
291,cocoa
292,fatty
293,creamy
375,blueberry
376,gritty
377,sweet
397,fatty
471,fruity
471,then
471,nutty
472,earthy
563,banana
589,fruity
590,red
590,berry
594,dried
594,fruit
635,tea
636,tart
637,flat
638,very
638,roasty
678,intense
698,grapes
699,woody
701,almond
702,leathery
726,rich
756,vanilla
757,overly
757,sweet
758,very
758,sweet
759,strawberry
760,sweet
830,perfume
845,roasted
845,cocoa
846,some
846,roasty
846,notes
847,grassy
848,brownie
849,cocoa
850,nutty
851,cocoa
852,mild
852,cocoa
853,red
853,fruit
890,woody
891,fatty
892,leathery
902,spicy
903,sweet
937,vanilla
964,creamy
965,sticky
966,intense
1050,cocoa
1051,floral
1052,nutty
1068,nutty
1069,nutty
1070,coffee
1071,nutty
1072,cocoa
1073,roasted
1073,nuts
1074,nutty
1075,nutty
1076,sour
1162,roasty
1179,vegetal
1255,strong
1255,vanilla
1256,sweet
1336,raspberry
1337,coffee
1338,tangy
1339,gritty
1340,strawberry
1341,sandy
1342,lemon
1343,high
1343,astringent
1344,sticky
1448,hay
1449,bright
1449,berry
1523,one
1523,dimensional
1529,berry
1530,cocoa
1531,medicinal
1532,medicinal
1533,strong
1533,vanilla
1547,melon
1558,sandy
1605,red
1605,berry
1644,chewy
1645,candied
1646,mild
1646,smoke
1647,earthy
1664,subtle
1664,fruit
1707,pasty
1728,woody
1754,roasty
1764,roasty
1765,cashew
1766,nutty
1767,burnt
1787,vanilla
1803,wine
1821,floral
1822,earthy
1823,perfume
1827,salty
1828,sweet
1829,cocoa
1830,salty
1864,strong
1864,chemical
1889,spice
1890,cocoa
1891,tart
1892,mild
1892,tannic
1893,green
1893,mint
1894,astringent
1960,vanilla
1984,sugar
1984,dominates
2017,blueberries
2066,sour
2067,soapy
2080,woody
2114,honey
2115,nut
2168,tart
2169,fruit
2195,honey
2196,caramel
2204,fatty
2205,masculine
2206,subdued
2207,salt
3,melon
4,nutty
95,raspberry
161,roasty
175,flat
176,intense
177,fragrant
186,mild
186,sour
187,toffee
188,black
188,pepper
193,floral
224,vanilla
253,rich
264,tart
264,red
264,berry
265,complex
378,cherry
399,ashy
417,woody
418,fruit
486,bright
486,fruit
487,sweet
488,fruity
546,nutty
547,minty
548,sweet
551,sweet
552,roasty
553,sweet
554,sweet
555,sweet
571,fudgy
572,green
573,tannic
595,floral
597,toffee
598,ashy
599,fatty
611,odd
611,rubber
611,notes
639,mint
679,coffee
680,nutty
703,nutty
722,burlap
755,ginger
816,dried
816,fruit
817,hazelnut
832,rum
833,cough
833,medicine
834,some
834,fruit
854,nuts
855,red
855,berry
857,fruit
858,smoke
893,gritty
894,citrus
895,earthy
896,fatty
904,tart
1053,red
1053,berry
1079,black
1079,licorice
1080,strawberry
1083,caramel
1084,sweet
1163,woody
1164,rich
1164,cocoa
1164,dominates
1165,soapy
1180,pear
1197,fatty
1198,cocoa
1199,nutty
1223,spicy
1223,edge
1224,strawberry
1225,nutty
1226,grassy
1227,roasty
1228,roasted
1257,brownie
1258,vanilla
1259,burnt
1259,nuts
1277,nutty
1282,intense
1283,sweet
1284,menthol
1285,tangy
1291,coconut
1292,brownie
1292,like
1293,roasty
1293,brownie
1318,coffee
1319,spice
1320,pepper
1321,roasty
1322,fatty
1345,fruit
1346,sour
1347,overly
1347,tart
1374,tart
1375,smokey
1398,melon
1402,salt
1403,cardboard
1404,salt
1417,brownie
1417,batter
1463,oranges
1499,strawberries
1500,coffee
1501,honey
1552,banana
1553,molasses
1559,complex
1560,mostly
1560,bitter
1641,red
1641,berry
1642,banana
1690,vanilla
1696,banana
1697,intense
1697,banana
1708,sticky
1729,tropical
1730,heavy
1730,roast
1731,nut
1755,bourbon
1768,chemical
1769,sour
1769,tang
1770,burnt
1775,maple
1776,strong
1776,bitter
1804,pear
1895,raisin
1896,complex
1897,cocoa
1898,rich
1898,burnt
1898,caramel
1899,earthy
1900,tobacco
1901,fruit
1902,grassy
1942,floral
1943,floral
1944,muted
1944,strawberry
1961,vanilla
1965,earthy
1966,sweet
1967,sweet
1985,spicy
1986,large
1986,unground
1986,pieces
1987,bright
1987,fruit
2026,caramel
2027,pepper
2028,rum
2029,fruit
2030,caramel
2031,sweet
2032,caramel
2033,caramel
2034,caramel
2035,savory
2036,off
2036,notes
2037,peanut
2037,butter
2038,cardboard
2039,chemical
2058,vanilla
2068,sweet
2116,unripened
2116,fruit
2129,fruity
2134,dairy
2171,metallic
2172,chemical
2172,off
2208,caramel
2209,cadbury
2209,egg
2210,earthy
2211,burnt
2211,caramel
2212,pepper
2213,spicy
2214,intense
2214,blueberry
2215,caramel
2216,toast
2217,nutty
2218,fruit
5,nut
6,cocoa
7,nutty
8,sour
10,strong
10,smoke
11,nutty
12,red
12,fruit
13,smokey
14,earthy
15,alkalized
15,notes
46,dirt
47,dirt
56,berry
57,too
57,sweet
58,sweet
59,sweet
60,moldy
80,vegetal
81,vanilla
105,sweet
162,nutty
163,marshmallow
221,dairy
222,intense
223,roasty
263,fruity
294,roasted
294,nuts
295,roasty
306,brownie
307,cooked
307,banana
308,alcohol
309,vanilla
324,sandy
330,sweet
392,molasses
400,controlled
400,bitter
430,mild
430,intensity
431,nutty
432,molasses
433,tobacco
435,cocoa
436,fruity
489,floral
489,notes
512,sweet
549,fragrant
574,oreo
574,shell
575,raspberry
576,sour
577,sour
612,vanilla
613,powdery
614,fatty
640,floral
641,black
641,pepper
735,tannic
736,too
736,sweet
835,citrus
860,caramel
898,burnt
898,black
898,pepper
905,intense
906,sweet
967,roasty
968,vanilla
969,sl.
969,burnt
970,over
970,roasted
1054,fruity
1055,spicy
1056,vegetal
1057,leathery
1058,mild
1058,coffee
1059,uncontrolled
1059,bitterness
1060,coffee
1061,gritty
1077,rich
1110,prunes
1111,basic
1111,cocoa
1112,peanut
1112,butter
1113,sour
1113,milk
1130,dark
1130,berry
1181,rich
1182,nutty
1183,cocoa
1230,vanilla
1231,floral
1232,mild
1232,coffee
1233,brandy
1260,nut
1261,swiss
1261,miss
1262,vanilla
1263,earthy
1272,sweet
1286,cocoa
1323,heavy
1323,roast
1328,rubber
1329,rubber
1351,red
1351,fruit
1352,grassy
1353,fruity
1354,butterscotch
1405,cream
1406,palm
1418,burnt
1418,nuts
1439,blueberry
1461,spicy
1462,earthy
1464,floral
1465,floral
1487,spicy
1488,red
1488,fruit
1538,cinnamon
1539,sweet
1540,ashy
1541,roasty
1542,roasty
1599,earthy
1600,sweet
1606,cocoa
1698,banana
1699,intense
1700,fruity
1701,too
1701,sweet
1732,slow
1733,roasty
1746,nutty
1747,large
1747,nibs
1756,banana
1757,dark
1757,berry
1758,heavy
1758,roast
1759,earthy
1874,nutty
1875,leathery
1876,grape
1877,molasses
1878,cheese
1903,mild
1903,smoke
1904,nutty
1905,burnt
1905,brownie
1906,berry
1907,burnt
1907,caramel
1908,brownie
1908,mix
1909,chocolate
1909,ice
1909,cream
1910,smokey
1911,dairy
1912,nutty
1913,medicinal
1952,mild
1952,fruit
1953,sweet
1954,intense
1954,coffee
1968,rich
1969,sour
1988,sandy
1989,sandy
1990,hot
1990,cocoa
1999,fatty
2000,dried
2000,fruit
2001,cardboard
2002,fuel
2081,slight
2081,burnt
2082,bitter
2117,lemon
2118,herbs
2130,tart
2152,sweet
2153,bitter
2154,metallic
2155,grit
2173,woody
2174,bourbon
2176,vanilla
16,hazelnut
17,nutty
18,papaya
19,mild
19,cocoa
20,leather
48,fatty
49,sweet
50,roasty
106,mild
106,fruit
108,fruity
109,mild
109,spice
110,floral
111,sour
111,milk
189,rounded
261,nutty
296,homey
297,brownie
298,tobacco
310,raisins
311,cocoa
325,black
325,pepper
326,banana
327,mild
327,molasses
328,sweet
333,mild
333,citrus
334,coffee
335,fruit
336,high
336,roast
337,sour
337,dairy
348,almost
348,burnt
357,nutty
358,strawberry
359,intense
360,earthy
367,marshmallow
368,woody
369,spice
370,vegetal
401,berry
402,fatty
403,ashy
415,malt
416,melon
437,molasses
438,sweet
439,earthy
447,woody
448,off
448,notes
449,roasty
450,leather
451,roasty
457,leafy
461,bland
462,mild
462,cocoa
462,&
462,leather
482,odd
493,vanilla
557,molasses
578,rich
578,cocoa
579,blackberry
580,nutty
581,spicy
600,sunflower
642,roasty
656,caramel
657,earthy
658,raisin
704,rich
705,full
705,bodied
717,cocoa
719,spicy
748,green
749,smoke
750,smoke
761,mild
761,bitter
762,roasty
763,earthy
777,sweet
778,licorice
779,molasses
780,molasses
796,TRUE
796,to
796,sugar
796,bar
818,dairy
819,tobacco
825,hazelnut
836,tobacco
837,roasty
863,mellow
863,but
863,flavorful
864,floral
865,caramel
866,leathery
866,flavor
874,yogurt
875,fatty
876,ham
899,nutty
907,herbs
908,undefined
917,ambiguous
972,intense
973,berry
974,mild
974,fruit
975,nutty
976,roasted
976,vegetal
977,cherries
978,sour
979,sweet
981,fatty
982,banana
999,butterscotch
1000,intense
1002,earthy
1040,green
1062,rich
1062,cocoa
1063,mild
1063,fruit
1064,cherry
1065,floral
1066,metallic
1066,edge
1081,intense
1085,tart
1086,spice
1087,nutty
1088,pungent
1133,overly
1133,sweet
1142,intense
1143,spicy
1144,molasses
1145,fatty
1146,sour
1146,milk
1147,pungent
1148,pungent
1153,candy-like
1155,earth
1156,bourbon
1187,roasty
1188,woody
1208,sticky
1221,citrus
1234,candied
1235,pudding
1236,candy-like
1278,green
1279,off
1279,medicinal
1281,nutty
1294,intense
1295,intense
1348,deep
1348,cocoa
1355,cherry
1356,smoke
1357,coffee
1358,burnt
1365,nutty
1366,metallic
1367,slightly
1367,bland
1368,sweet
1369,off
1376,grassy
1377,rich
1377,cocoa
1378,ham
1379,pomegranate
1383,fatty
1384,creamy
1466,intense
1467,sweet
1468,sweet
1471,toffee
1472,dirt
1473,pungent
1474,medicinal
1496,mild
1496,orange
1497,high
1497,roast
1498,mild
1498,metallic
1515,intense
1516,bitter
1517,sour
1517,fruit
1518,sour
1518,fruit
1534,mild
1534,molasses
1548,mild
1548,bitter
1549,dates
1561,spicy
1562,green
1562,fruit
1563,smokey
1564,green
1569,intense
1570,fruity
1571,slight
1571,woody
1572,sour
1573,nutty
1591,basic
1591,cocoa
1592,grapes
1593,woody
1607,sweet
1608,mild
1608,citrus
1632,floral
1633,dried
1633,fruit
1634,woody
1635,medicinal
1648,cocoa
1680,mellow
1681,roasted
1681,caramel
1682,fuel
1683,slightly
1683,burnt
1760,intense
1815,blueberry
1816,nutty
1831,sweet
1831,edge
1832,mild
1832,sour
1833,rich
1879,licorice
1914,sour
1914,orange
1915,smokey
1916,accessible
1917,nutty
1918,woodsy
1919,mild
1919,sour
1934,tannic
1935,dried
1935,fruit
1945,sour
1945,milk
1962,hints
1962,of
1962,fruit
1963,floral
1991,banana
1992,earthy
2018,watering
2040,rich
2041,almond
2042,mild
2042,coffee
2042,and
2042,rum
2065,mild
2065,fruit
2074,roasty
2083,red
2083,berry
2091,tangy
2092,woody
2095,nutty
2131,roasty
2132,nutmeg
2133,cocoa
2135,sweet
2161,savory
2175,intense
2219,cloying
21,chocolaty
22,cocoa
23,acidic
24,earthy
29,nutty
82,sour
83,sour
84,high
84,astringent
85,savory
86,roasty
87,brownie
112,sticky
113,cocoa
114,strawberry
115,rich
116,nutty
117,brownie
118,floral
119,butterscotch
120,chemical
120,off
178,ham
179,smokey
181,cardamom
182,caramel
190,smokey
233,diluted
234,molasses
235,metallic
236,tart
312,brownie
318,tea
319,dark
319,berry
320,raisins
321,sweet
322,sweet
323,tart
329,floral
344,floral
361,fruity
362,black
362,licorice
363,nutty
371,nutty
388,dairy
389,sour
390,off
419,spicy
420,astringent
421,earthy
440,grassy
441,black
441,pepper
442,floral
460,earthy
463,banana
463,raspberry
464,sour
464,milk
467,floral
468,metallic
469,earthy
469,off
469,notes
483,coffee
484,rich
484,cocoa
485,coffee
490,orange
491,fruit
505,sweet
506,mild
506,bitter
527,floral
530,spices
531,roasty
564,candy
564,like
564,vanilla
566,banana
567,sour
568,grapes
569,pungent
582,roasty
606,nutty
607,floral
608,strong
608,sour
609,sweet
615,brownie
616,brownie
643,rich
659,spicy
681,well
681,developed
682,strawberry
684,molasses
685,molasses
686,molasses
706,spicy
710,earthy
712,orange
713,roasty
714,acidic
715,earthy
733,caramel
737,nutty
738,woody
827,spicy
828,intense
829,bitter
838,grapes
900,spicy
901,sweet
919,spice
920,fruit
921,tart
922,sweet
927,black
927,licorice
971,black
971,licorice
983,sweet
983,edge
984,sandy
984,texture
985,sweet
1008,sweet
1009,spicy
1010,palm
1011,spicy
1012,tart
1013,palm
1014,palm
1035,roasty
1036,fatty
1037,nutty
1038,fatty
1042,cocoa
1067,mild
1067,roasty
1090,cherry
1091,molasses
1104,vanilla
1189,mild
1189,honey
1190,roasty
1191,fatty
1192,rich
1192,cocoa
1193,astringent
1194,nutty
1195,sour
1196,roasty
1209,spice
1210,spicy
1211,nutty
1212,brownie
1213,black
1213,pepper
1237,metallic
1280,wet
1287,balanced
1288,fruit
1298,tangy
1299,caramel
1300,floral
1301,bright
1301,fruit
1302,spicy
1303,woody
1304,fatty
1305,few
1305,grits
1306,coffee
1325,rich
1326,mild
1326,honey
1349,vegetal
1350,citrus
1380,caramel
1381,bitter
1387,simple
1387,cocoa
1387,note
1407,rich
1408,grassy
1409,lemon
1410,dairy
1411,herbal
1412,melon
1434,smokey
1445,nutty
1446,tart
1447,smokey
1454,spicy
1455,rich
1482,bright
1482,fruit
1483,malt
1484,rum
1485,nut
1502,cherry
1503,mild
1503,smoke
1504,sour
1505,slightly
1505,burnt
1506,roasted
1506,nuts
1511,roasty
1513,raspberry
1514,earthy
1521,sandy
1522,sour
1574,melon
1575,dried
1575,fruit
1576,sweet
1577,spicy
1594,blackberry
1609,earthy
1625,woody
1636,dairy
1637,sandy
1638,earthy
1639,molasses
1640,earthy
1665,floral
1684,mild
1684,floral
1685,butterscotch
1686,earthy
1709,honey
1714,raisins
1715,melon
1716,intense
1716,vinegar
1734,woody
1735,woody
1761,rich
1762,dried
1762,fruit
1805,vegetal
1806,sweet
1817,smoke
1818,tangy
1819,dried
1819,fruit
1820,tangy
1825,bold
1826,fatty
1834,maple
1835,medium
1835,roasted
1835,cocoa
1836,tart
1837,bourbon
1838,earthy
1843,nutty
1844,vanilla
1845,pistachio
1846,rich
1846,cocoa
1847,tobacco
1849,bold
1850,tart
1851,sweet
1852,grits
1853,intense
1867,sour
1920,nuts
1921,dried
1921,fruit
1955,mild
1955,vanilla
1956,cocoa
1957,coconut
1958,few
1958,grits
1959,coconut
1974,sour
1993,spicy
1993,cinnamon
1994,earthy
1995,brownie
1996,spicy
1997,fatty
1998,mild
1998,citrus
2003,smoke
2004,butter
2005,smoke
2006,grassy
2043,raspberry
2044,mild
2044,sour
2045,cocoa
2046,black
2046,pepper
2047,earthy
2048,black
2048,pepper
2052,sweet
2059,sour
2059,milk
2084,floral
2085,sour
2119,dark
2119,berry
2124,coffee
2125,nibs
2125,too
2125,soft
2137,peach
2138,brownie
2139,mild
2139,bitter
2140,tart
2141,cocoa
2182,sweet
2183,earthy
2184,mild
2184,sour
2185,nutty
2186,fruit
2187,heavy
2187,roast
25,chocolatey
61,sweet
62,sweet
63,nutty
64,sweet
65,sweet
107,caramel
121,cherry
122,complex
123,woody
124,rich
124,cocoa
125,chocolatey
126,simple
127,roasty
128,mysterious
129,green
130,floral
131,mild
131,floral
132,hammy
133,nutty
169,rich
194,candy
194,flavor
195,sweet
196,floral
200,bitter
201,sweet
202,floral
203,bitter
208,delicate
209,mild
209,dried
209,fruit
210,complex
212,complex
213,nibby
214,tangy
266,tart
267,melon
268,sour
269,coffee
299,fatty
313,rich
313,cocoa
314,slight
314,hammy
353,sweet
372,short
373,astringent
374,fatty
387,cherries
404,chocolate
406,bold
407,acidic
408,burnt
422,mild
422,spice
423,grassy
424,grain
425,sweet
425,edge
426,marshmallow
443,molasses
454,woody
473,bitter
474,coconut
475,tart
476,sweet
477,rich
478,nutty
479,cocoa
480,roasty
481,molasses
513,sweet
532,nutty
558,complex
559,mild
559,bitter
583,rich
583,cocoa
601,licorice
602,astringent
603,tobacco
610,fatty
617,fruit
618,intense
630,chemical
644,intense
687,molasses
720,strong
720,floral
721,dried
721,fruit
724,gritty
743,heavy
743,roast
767,spicy
768,off
768,notes
769,sandy
797,earthy
798,dried
798,fruit
799,sandy
800,floral
801,bland
877,herbs
909,dried
909,fruit
910,tropical
928,cocoa
932,bright
932,fruit
933,rich
934,nutty
939,coffee
986,rich
993,vanilla
997,metallic
998,mild
998,dried
998,fruit
1003,smoke
1005,black
1005,licorice
1006,honey
1007,mild
1007,nutty
1007,&
1007,woody
1020,honey
1021,bitter
1022,earthy
1023,off
1023,notes
1039,raw
1078,sweet
1149,mild
1149,flavors
1151,vanilla
1152,unbalanced
1200,grassy
1214,black
1214,licorice
1222,bright
1222,fruit
1276,unrecognizable
1296,balanced
1297,roasty
1307,sour
1312,tangy
1313,grapes
1314,dirty
1315,coffee
1330,mild
1330,floral
1331,earthy
1332,pungent
1362,sweet
1428,sweet
1435,blackberry
1451,spicy
1457,tart
1458,sweet
1459,earthy
1460,molasses
1509,banana
1519,roasty
1520,intense
1536,dried
1536,fruit
1565,balanced
1578,savory
1579,off
1579,rubber
1584,bitter
1595,earthy
1631,earthy
1631,ending
1649,rich
1687,grain
1705,gritty
1706,waxy
1710,green
1717,cocoa
1736,bourbon
1743,intense
1744,honey
1745,coffee
1763,tart
1824,roasty
1839,spicy
1840,raisins
1841,gateway
1854,creamy
1855,fruit
1856,mild
1856,cherry
1857,smooth
1858,fatty
1859,molasses
1868,simple
1869,hammy
1870,sandy
1872,roasty
1873,roasted
1922,honey
1924,nutty
1925,sweet
1927,diluted
1928,banana
1946,sandy
1947,cherry
1948,chocolatey
1970,vanilla
1971,sweet
1972,sweet
1973,nutty
2009,floral
2025,sweet
2063,cashew
2087,sweet
2093,sweet
2094,acidic
2142,simple
2143,metallic
2144,off
2144,notes
2147,rich
2148,pungent
2162,spicy
2163,cocoa
2163,pudding
2164,fig
2165,rubber
2188,mellow
2188,cocoa
2189,tart
2190,over
2190,roasted
2191,mild
2191,tart
2192,off
2192,notes
2192,of
2192,rubber
2193,strong
2193,bitter
2197,dried
2197,fruit
2198,sweet
51,cream
52,green
53,sweet
54,melon
55,sweet
134,bright
134,fruit
135,cocoa
136,basic
136,cocoa
138,mild
138,roasty
139,fig
191,cocoa
192,tangy
198,woody
199,spice
315,floral
316,cherries
444,roasty
452,rich
452,cocoa
550,rich
550,cocoa
565,sour
584,sour
645,creamy
646,raisin
647,roasty
647,nibs
839,citrus
867,fruit
868,mild
869,nuts
872,simple
873,fragrant
878,black
878,pepper
923,woody
924,creamy
935,fig
1082,roasty
1094,floral
1095,nutty
1096,fruity
1097,bourbon
1098,gateway
1099,sweet
1100,tobacco
1134,nutty
1135,sour
1136,molasses
1204,melon
1215,licorice
1216,mocha
1217,mild
1217,berry
1242,burnt
1264,mild
1264,cocoa
1289,fatty
1308,tobacco
1399,earthy
1429,roasty
1430,roasty
1431,intense
1431,smoke
1580,bold
1581,pungent
1582,burnt
1582,rubber
1688,mild
1691,soy
1692,fig
1693,sunflower
1694,strong
1694,floral
1737,coffee
1771,chocolate
1772,vegetal
1781,basic
1842,anise
1860,rich
1860,cocoa
1861,earthy
1866,hammy
1880,strong
1880,molasses
1929,honey
1930,roasty
1936,sour
1937,earthy
1938,mild
1938,fruit
1939,sweet
1940,floral
1941,smokey
1949,robust
1950,astringent
1951,earthy
1964,rubber
2086,floral
2088,coarse
2089,coarse
2090,coarse
2096,melon
2120,rich
2149,roasty
2180,molasses
2181,cardamom
2220,marshmallow
26,dairy
27,powdery
66,coarse
96,delicate
97,mint
98,nuts
99,mild
99,roasty
140,nutty
141,dried
141,fruit
144,vegetal
145,rich
145,cocoa
146,late
146,hammy
147,earthy
171,bright
171,fruit
172,dried
172,fruit
173,roasty
174,vanilla
180,sugary
211,nutty
215,roasty
216,fatty
217,smokey
237,earthy
238,spicy
239,bland
254,sour
254,milk
255,molasses
256,earthy
300,subtle
301,rich
303,banana
304,rich
304,mocha
305,floral
317,fruit
332,earthy
354,creamy
355,dirty
356,dirty
364,chalky
427,vanilla
453,roasty
458,chocolatey
494,fruit
495,sweet
496,tart
514,sandy
515,spice
570,vinegar
585,citrus
586,moderate
586,acidity
587,high
587,astringency
627,fatty
628,floral
629,dirt
629,earthy
648,tea
683,sticky
688,cocoa
689,fruit
708,cocoa
716,dense
739,mild
739,cocoa
740,sweet
741,roasty
742,floral
744,brownie
789,simple
790,bitter
791,dried
791,fruit
792,large
792,grits
793,mild
793,sweet
793,cocoa
794,spicy
794,mild
794,molasses
795,sour
795,notes
802,hazelnut
803,dried
803,fruit
804,sour
804,milk
805,powdery
806,acidic
821,large
821,grits
823,gritty
824,sweet
870,nuts
871,mild
871,fatty
879,deep
879,cocoa
880,dairy
881,orange
881,citrus
882,savory
883,high
883,astringency
884,floral-spice
884,mix
885,balanced
886,grassy
887,grassy
888,metallic
889,sticky
913,cocoa
914,sour
915,sweet
925,grainy
929,earthy
936,tart
949,chemical
949,or
949,burnt
949,note
987,late
987,tart
987,notes
1015,tannic
1016,late
1016,sour
1016,&
1016,molasses
1017,citrus
1018,hay
1019,sour
1043,woody
1089,meaty
1093,sweet
1101,bold
1102,spice
1103,coffee
1107,cocoa
1108,tea-like
1109,earthy
1137,high
1137,acidity
1138,dried
1138,fruit
1139,nutty
1167,high
1167,acidity
1168,molasses
1169,spicy
1170,molasses
1171,cocoa
1172,melon
1184,mild
1184,fruit
1184,&
1184,nut
1185,pronounced
1185,orange
1186,roasty
1201,dairy
1202,rich
1202,cocoa
1203,earthy
1239,mild
1239,dairy
1240,earthy
1243,basic
1243,cocoa
1273,smokey
1309,creamy
1310,spicy
1311,rubbery
1316,woody
1327,roasty
1382,floral
1385,mild
1385,hammy
1386,high
1386,acidity
1388,mild
1388,smoke
1413,cocoa
1414,sweet
1415,TRUE
1415,to
1415,origin
1416,simple
1422,thick
1423,mild
1423,pear
1424,late
1424,sour
1425,sour
1441,rubbery
1450,floral
1452,powdery
1456,roasty
1475,sandy
1490,grape
1491,melon
1491,notes
1492,sour
1492,ending
1493,vanilla
1524,cherry
1537,coarse
1543,bland
1566,tobacco
1567,sweet
1568,tart
1610,black
1610,licorice
1650,distinguished
1677,rich
1677,cocoa
1678,coffee
1702,grapes
1718,complex
1720,malt
1740,heavy
1740,roast
1773,coarse
1774,spice
1807,cherry
1808,mild
1808,fruit
1809,earthy
1865,fruit
1881,tangy
1931,acidic
1932,cocoa
1933,lemon
1976,cocoa
1977,cheesy
1978,cheesy
1979,sour
1980,molasses
2061,marshmallow
2062,vegetal
2069,caramel
2070,cocoa
2071,astringent
2075,pungent
2075,grape
2076,complex
2126,roasty
2127,sour
2128,earthy
2145,vanilla
2146,late
2146,cocoa
2146,notes
2150,fruit
2151,fruit
2199,sweet
2200,basic
2200,cocoa
2202,herbal
2221,roasty
2222,mild
2222,nuts
2223,earthy
0,blackberry
1,vegetal
2,fatty
36,woody
37,sweet
38,cocoa
39,sweet
100,fatty
142,mushroom
143,rubbery
170,vegetal
183,mild
183,fruit
184,fatty
185,fatty
197,off
197,notes
257,rubbery
271,savory
272,fruit
273,dirty
338,sour
340,sour
340,notes
342,unique
343,grassy
365,dirty
366,sandy
391,very
391,acidic
428,rich
429,intense
445,caramel
446,mellow
459,floral
465,spicy
466,rubbery
470,molasses
492,honey
516,dried
516,fruit
517,spicy
518,floral
519,mild
519,fruit
520,woody
521,hammy
529,dirty
588,sticky
604,creamy
605,creamy
631,roasty
649,sticky
650,dried
650,fruit
652,sweet
653,fatty
654,raw
655,harsh
691,cocoa
692,sour
693,earthy
709,honey
723,almond
723,butter
734,fig
734,notes
745,raisin
746,dirty
747,earthy
785,cocoa
786,acidic
787,cocoa
788,honey
807,citrus
808,dried
808,sour
808,fruit
809,orange
810,mild
810,anise
811,bland
812,tropical
813,mild
813,floral
814,smokey
815,roasty
840,spicy
911,fruit
912,bitter
926,roasty
930,rubbery
931,mildly
931,burnt
940,pungent
988,brownie
989,sweet
990,dirty
991,fatty
992,chemical
994,sweet
995,fatty
996,fatty
1024,burnt
1024,cinnamon
1025,sweet
1044,woody
1045,mild
1045,bitter
1114,floral
1115,distinct
1116,balanced
1117,sweet
1118,black
1118,tea
1119,fruit
1120,tobacco
1121,grapes
1140,smokey
1140,cocoa
1166,sweet
1173,grapes
1205,light
1205,color
1206,mild
1206,ham
1207,off
1219,mocha
1220,sweet
1248,cocoa
1248,base
1249,roasty
1290,spicy
1370,coconut
1371,coconut
1372,floral
1373,earthy
1400,cocoa
1401,grits
1419,nutmeg
1420,sandy
1421,sandy
1427,harsh
1432,fruit
1436,intense
1442,fig
1443,earthy
1444,honey
1469,savory
1470,rubbery
1489,cocoa
1494,rubber
1495,rubbery
1512,sweet
1512,cocoa
1583,floral
1585,fruit
1586,sour
1587,sour
1588,earthy
1589,coffee
1590,tobacco
1596,roasty
1597,woody
1598,buttery
1611,anise
1626,roasty
1627,off
1627,flavor
1666,fatty
1667,cocoa
1668,floral
1669,deep
1669,cocoa
1670,fatty
1671,fat
1672,smoke
1673,woody
1674,black
1674,licorice
1675,roasty
1676,coffee
1679,tart
1703,nutty
1721,roasted
1721,cacao
1722,earthy
1738,honey
1739,dried
1739,fruit
1741,rubbery
1742,rubbery
1810,roasty
1811,raw
1813,rich
1813,cocoa
1814,astringent
1871,dirty
1975,burnt
2007,fatty
2008,sweet
2011,dirt
2012,fatty
2013,fruit
2014,off
2049,roasted
2049,banana
2050,licorice
2051,tobacco
2060,bold
2064,mild
2064,honey
2072,chewy
2073,floral
2166,creamy
2167,molasses
2177,basic
2177,cocoa
2178,sweet
2179,dirty
30,rich
31,molasses
528,anise
560,spicy
561,earthy
562,citrus
651,earthy
781,cocoa
782,bland
783,hammy
784,melon
1105,burnt
1105,nuts
1132,cocoa
1359,sour
1359,fruit
1360,cheese
1361,hammy
1363,strawberry
1364,woody
1433,cocoa
1453,spicy
1507,cocoa
1508,nut
1628,cream
1629,fruity
1630,pistachio
1704,harsh
1704,woody
1981,intense
1982,ham
1983,earthy
2077,spicey
2078,sweet
2079,sweet
2098,bold
88,long
274,floral
275,tang
276,long
276,lasting
277,berry
278,coffee
660,unpleasant
727,earthy
770,cocoa
771,spice
773,complex
774,cocoa
938,roasty
950,blueberry
952,mild
952,citrus
953,floral
954,fruity
955,vanilla
1092,off
1092,notes
1389,licorice
1392,herbs
1395,bitter
1476,coffee
1477,burnt
1550,sweet
1614,sour
1652,smoke
1653,cocoa
1655,mushroom
1656,cocoa
1657,burnt
1782,marshmallow
1783,marshmallow
1789,dairy
1790,poor
1790,aftertaste
1791,burnt
2099,earthy
2102,cocoa
2103,sweet
68,cocoa
69,mint
89,cocoa
91,woodsy
92,caramel
93,vegetal
94,spicy
164,cocoa
165,off
280,bitter
349,cocoa
350,cocoa
498,mild
498,bitter
533,cocoa
620,coffee
621,sweet
622,smokey
624,rich
624,cocoa
633,rum
665,coffee
666,woody
667,tobacco
668,tobacco
670,cocoa
671,ham
956,nutmeg
980,burnt
1229,tang
1397,raspberry
1601,red
1601,fruit
1616,spicy
1617,grassy
1658,cocoa
1723,spicy
1724,dairy
1725,roasty
1793,tart
1796,cocoa
1796,base
2015,sweet
2053,blueberry
2054,bitter
2055,fruity
2056,hint
2056,of
2056,fruit
2057,mild
2057,bitter
2104,raspberry
2105,cocoa
2107,licorice
2109,bitter
2110,very
2110,bitter
2136,earthy
70,high
70,acidity
148,vegetal
241,tea
242,sour
258,woodsy
281,nutty
351,astringent
393,bold
393,citrus
394,fruity
395,bitter
396,very
396,bitter
409,spicy
410,grassy
411,yogurt
414,bitter
455,cocoa
524,cocoa
525,sour
534,berry
535,slight
535,metallic
625,roasty
674,coffee
676,earthy
725,burnt
728,banana
729,sour
730,banana
941,fatty
958,rich
1046,intense
1047,mild
1047,burn
1048,mild
1048,cocoa
1122,marshmallow
1125,cooling
1125,sensation
1126,coffee
1127,bitter
1128,bitter
1129,coffee
1174,rich
1250,cocoa
1251,peanut
1251,butter
1252,cocoa
1253,nutty
1265,nutty
1267,mass
1267,market
1268,vanilla
1554,spice
1555,spice
1556,green
1557,vanilla
1659,sour
1660,bitter
1748,roasty
1749,roasty
1750,mild
1750,off
1750,note
1751,woody
1777,rich
1778,floral
1797,smoke
2019,off
2019,note
2020,swiss
2020,miss
2021,musty
2022,flat
40,coffee
41,banana
41,cream
42,cocoa
76,fudge-like
77,marshmallow
79,off
79,notes
149,short
150,rich
152,sour
153,burnt
166,roasty
246,woody
247,harsh
247,smoke
262,woody
282,sl.
282,burnt
283,possible
283,mold
284,earthy
285,earthy
302,molasses
380,banana
501,perfume
502,minty
507,fruity
508,slight
508,burnt
509,subdued
510,coffee
511,medicinal
537,nutty
539,non
539,descript
592,soap
593,astringent
626,berry
731,cherry
752,slight
752,bitter
753,sticky
754,medicinal
841,spice
842,tobacco
843,nutty
942,mild
942,sour
944,brownie
945,off
945,note
947,sweet
948,strong
948,coffee
960,nut
962,fruit
1026,sweet
1027,spicy
1028,slight
1028,musty
1029,nutty
1031,mild
1031,coffee
1032,tart
1033,sour
1034,cheesy
1131,nut
1157,lemon
1158,cheese
1175,sweet
1176,rich
1176,cocoa
1178,cocoa
1274,easter
1274,candy
1525,musty
1526,sour
1546,lemon
1602,long
1603,rich
1619,mild
1620,burning
1662,ashy
1786,marshmallow
1798,long
1799,earthy
1800,banana
1884,vegetal
1885,woodsy
1886,mild
1886,fruit
2016,earthy
2024,astringent
2113,bread
2121,very
2121,astringent
2122,spoiled
2123,sour
2156,nutty
2157,earthy
44,woody
74,sour
101,cocoa
102,banana
103,nutty
104,bitter
155,mint
157,nutty
204,nutmeg
207,nuts
225,banana
227,pepper
228,mild
228,musty
248,fruity
249,medicinal
250,sour
252,nutty
346,intense
347,nutty
352,roasty
381,cocoa
382,hazelnut
383,dark
383,roast
384,nutty
385,rich
385,cocoa
386,off
386,nutty
523,roasty
526,mild
526,fruit
541,rum
544,woody
545,off
677,sour
677,milk
694,strong
694,floral
697,dirt
766,vanilla
943,mild
943,bitter
963,ham
1049,bright
1049,red
1160,spice
1161,acidic
1245,cocoa
1247,candy
1275,very
1275,sweet
1333,coffee
1334,nutty
1335,musty
1437,dairy
1481,non-descript
1510,burnt
1528,burnt
1623,spicey
1624,cocoa
1643,powerful
1663,rich
1753,fruit
1801,tangy
1802,minty
1888,dried
1888,fruit
2158,sour
2159,cocoa
32,lemon
45,berry
75,smoke
159,brownie
160,rubber
167,cocoa
168,roasty
218,cocoa
219,strawberry
229,cocoa
230,rich
231,banana
287,gentle
287,roast
288,mild
288,mint
289,grape
290,mint
291,smokey
292,rich
293,woody
375,black
375,pepper
376,sweet
377,one
377,dimensional
472,grassy
563,citrus
589,brownie
594,vanilla
635,late
635,sour
636,sour
637,hint
637,of
637,berry
638,nutty
678,smoke
698,sour
699,berry
701,coffee
726,red
726,berry
756,mild
756,banana
757,fruit
757,punch
758,banana
759,nut
760,vanilla
830,heavy
830,roast
847,long
848,astringent
850,earthy
851,red
851,fruit
852,roasty
853,sour
890,wild
890,berry
891,woody
892,earthy
902,sweet
903,vanilla
937,dairy
964,floral
965,brownie
966,rich
966,cocoa
1050,grassy
1052,short
1068,delicate
1068,fruit
1069,fruity
1070,cocoa
1071,earthy
1072,lemon
1073,fatty
1074,cocoa
1075,muted
1076,raisin
1162,coffee
1179,banana
1255,pepper
1256,strong
1256,vanilla
1336,sour
1337,roasty
1338,cocoa
1339,red
1339,berry
1340,sour
1341,intense
1342,coffee
1342,ground
1343,sour
1344,smoke
1448,sweet
1449,sweet
1529,bitter
1530,bitter
1531,mint
1532,leathery
1533,brownie
1547,subtle
1558,floral
1605,cocoa
1644,nibs
1644,add
1644,bitterness
1707,bitter
1728,astringent
1754,sour
1764,coffee
1766,fat
1766,residue
1767,chemical
1803,rich
1821,chemical
1822,medicinal
1823,roasty
1828,salty
1829,spicy
1830,caramel
1889,caramel
1890,nutty
1892,woody
1894,burn
1960,artificial
2017,bitter
2080,rubber
2080,off
2114,peanut
2114,butter
2115,orange
2168,coffee
2169,fudge
2195,light
2195,rum
2196,butterscotch
2204,mild
2204,nutty
2205,earthy
2206,caramel
2207,caramel
3,roasty
95,nutty
161,nutty
175,grassy
176,chemical
177,then
177,off
187,coffee
187,grounds
188,coffee
193,vanilla
224,cocoa
253,roasty
264,powerful
265,black
265,pepper
378,rich
378,cocoa
399,coffee
417,coffee
418,muted
486,sour
486,coffee
487,cocoa
488,burnt
546,cocoa
548,tart
548,red
548,berry
551,nutty
552,off
552,fatty
552,note
553,smokey
554,cucumber
555,spicy
572,candy
572,spice
597,hints
597,of
597,fruit
598,spicy
598,pepper
599,caramel
639,medicinal
679,caramel
755,off
755,notes
817,rum
834,bitter
854,dried
854,fruit
855,smoke
857,sour
858,red
858,berry
893,savory
894,vegetal
896,bold
896,olive
904,chlorine
1053,sour
1080,coconut
1084,spicy
1163,nutty
1165,earthy
1180,sour
1180,milk
1197,sweet
1198,tangy
1199,woody
1224,cocoa
1225,melon
1225,like
1226,cocoa
1227,cocoa
1228,nutty
1257,peanut
1258,rich
1258,fruit
1259,woody
1277,sour
1282,off
1283,cocoa
1284,medicinal
1285,fruit
1319,late
1319,sour
1320,cinnamon
1322,black
1322,pepper
1345,tart
1346,sweet
1347,sour
1374,slight
1374,burnt
1375,hammy
1403,why
1403,bother
1404,wtf
1500,roasted
1500,cherry
1501,earthy
1552,molasses
1553,brownie
1559,molasses
1641,off
1641,note
1642,chemical
1690,orange
1696,hot
1696,cocoa
1708,candied
1729,nutty
1731,bitter
1755,mocha
1768,roasty
1769,off
1769,notes
1770,nut
1804,spice
1895,lemon
1896,peanut
1899,tangy
1899,wine
1900,black
1900,pepper
1901,mild
1901,burnt
1902,roasty
1943,dairy
1961,moldy
1967,vanilla
2027,charcoal
2028,molasses
2029,floral
2032,spice
2033,fruity
2035,hammy
2037,caramel
2038,metallic
2039,soapy
2058,cocoa
2116,banana
2129,heavy
2129,roast
2171,coffee
2208,toffee
2210,caramel
2211,coffee
2213,floral
2215,salt
2216,pepper
2217,bready
5,caramel
6,tangerine
7,cocoa
8,intense
8,tangerine
11,cocoa
12,sour
13,grass
14,nutty
46,ashy
47,roasty
56,mild
56,bitter
57,fruit
58,dairy
59,caramel
60,off
80,nutty
81,melon
105,poor
105,aftertaste
163,off
221,sour
222,sweet
223,dairy
263,mild
263,bitter
294,rich
294,cocoa
295,black
295,pepper
306,nutty
308,floral
309,caramel
324,tart
330,brownie
400,fruit
430,fruit
431,cocoa
432,spice
433,molasses
436,acidic
512,hot
512,cocoa
549,spicy
574,coffee
575,cocoa
576,rich
576,cocoa
577,cocoa
612,caramel
613,nut
614,basic
614,cocoa
640,rum
641,roasty
735,earthy
835,sweet
860,roasty
906,molasses
968,cocoa
969,roasty
970,harsh
1054,intense
1055,sl.
1055,burnt
1056,sour
1057,intense
1057,bitter
1060,rich
1061,roasty
1077,berry
1077,notes
1113,off
1113,note
1130,grassy
1181,dairy
1182,cocoa
1183,sour
1230,harsh
1231,vanilla
1232,roasty
1233,smoke
1260,coffee
1262,candy-like
1263,caramel
1272,cocoa
1323,nutty
1328,medicinal
1329,medicinal
1352,smoke
1353,spicy
1354,nutty
1405,spice
1406,spicy
1418,vanilla
1461,cocoa
1462,off
1462,notes
1464,spice
1465,caramel
1488,raisins
1538,high
1538,roast
1539,high
1539,roast
1540,mild
1540,fruit
1541,fruity
1542,woody
1599,melon
1600,off
1606,grapes
1698,citrus
1699,roasty
1700,cocoa
1701,sour
1732,pure
1733,spice
1756,tart
1757,spice
1758,citrus
1759,smokey
1874,cocoa
1875,cocoa
1876,sour
1877,sour
1878,molasses
1904,cocoa
1906,clove
1907,citrus
1908,roasty
1910,some
1910,fruit
1911,mild
1911,fatty
1912,roasty
1913,mild
1913,fruit
1952,off
1952,note
1953,mild
1953,coffee
1954,metallic
1968,dark
1968,berry
1969,astringent
1988,fruity
1989,fruity
1999,vegetal
2000,burnt
2000,fuel
2001,sour
2002,earthy
2081,red
2081,fruit
2082,caramel
2117,licorice
2118,fruit
2130,mild
2130,bitter
2152,coffee
2153,metallic
2155,metallic
2173,mild
2173,metallic
16,brownie
17,chocolatey
19,roasty
20,earthy
48,dairy
49,savory
50,odd
50,dairy
106,burnt
108,short
109,mild
109,earthy
110,leather
111,leather
189,orange
296,nutty
297,mint
298,earthy
310,roasty
311,complex
325,banana
327,bland
328,metallic
333,orange
334,spicy
335,mild
335,metallic
336,spicy
348,intense
357,brownie
359,leathery
360,fuel
367,fruit
368,smoke
370,soil
401,cream
402,brownie
403,earthen
415,mild
415,smoke
437,fruit
438,delicate
447,slight
447,cherry
449,smokey
451,coffee
461,mild
461,cocoa
482,vegetal
493,mass
493,market
580,bourbon
581,nutty
600,peanut butter
656,toffee
658,nutty
704,intense
705,spicy
719,tobacco
748,long
749,wood
750,hammy
761,raisin
762,mild
762,bitter
777,mild
777,fruit
778,bitter
779,bitter
780,sweet
819,nuts
825,peanut
837,red
837,berry
864,caramel
865,roasty
874,cocoa
875,mild
875,cocoa
876,deep
876,cocoa
899,roasty
907,cocoa
908,brownie
972,cherry
973,cocoa
974,sweet
975,earthy
977,sour
978,cardboard
979,long
981,sweet
982,yogurt
1000,fades
1000,fast
1002,medicinal
1040,fatty
1063,fatty
1064,metallic
1065,metallic
1081,spice
1085,earthy
1086,tea
1087,spicy
1133,citrus
1142,sour
1143,pungent
1144,earthy
1145,tea
1147,sour
1148,tangy
1153,sour
1153,milk
1155,cardboard
1156,vanilla
1187,coffee
1188,leathery
1208,cocoa
1234,complex
1236,nutty
1294,roasty
1295,nutty
1355,cream
1358,bitter
1365,deep
1365,cocoa
1366,molasses
1367,earthy
1368,cocoa
1376,spicy
1378,butterscotch
1379,brownie
1383,mild
1383,cherry
1384,olive
1466,tropical
1466,fruit
1468,minty
1472,mild
1472,spice
1473,sour
1473,fruit
1474,pungent
1497,spice
1515,coffee
1516,sour
1517,hammy
1518,hammy
1548,coffee
1549,musty
1561,cocoa
1562,candied
1564,tannic
1569,bright
1570,brownie
1573,black
1573,pepper
1593,acidic
1607,tart
1608,earthy
1632,leather
1633,roasty
1634,rum
1648,spice
1680,buttery
1682,intense
1683,intense
1760,earthy
1833,burnt
1879,muted
1915,rich
1915,cocoa
1917,brownie
1934,cocoa
1935,complex
1945,fatty
1963,earthy
1992,spice
2018,sweet
2040,tannic
2041,butter
2065,floral
2074,coffee
2091,mild
2091,cocoa
2092,green
2095,mild
2095,rubber
2131,acidic
2132,brownie
2133,spicy
2135,nutty
2175,mild
2175,nutty
2219,vegetal
21,spice
22,sweet
23,nutty
24,cocoa
29,cherry
82,mild
82,smoke
86,nutty
87,nutty
112,peanut
112,butter
114,metallic
115,rum
116,rich
116,cocoa
117,nutty
118,bourbon
119,off
178,papaya
179,metallic
182,pungent
190,dried
190,fruit
233,vanilla
234,flour
235,earthy
236,molasses
312,lime
318,leather
319,fatty
320,coffee
321,cocoa
322,brownie
323,acidic
329,molasses
344,sweet
361,acidic
362,nutty
363,ends
363,sour
371,acidic
388,spicy
389,nutella
390,late
390,tart
419,tobacco
420,spicy
421,acidic
440,dried
440,fruit
441,nutty
442,roasty
464,off
464,note
467,medicinal
468,floral
483,peanut
483,butter
484,coffee
485,mild
490,cocoa
491,spice
505,sour
506,off
506,notes
527,bourbon
530,smoke
531,sticky
564,off
567,synthetic
568,pungent
569,intense
582,coffee
606,sweet
607,rum
608,acidic
609,brownie
643,cherry
659,floral
681,creamy
682,creamy
684,marshmallow
706,butterscotch
710,mild
710,banana
712,butterscotch
713,intense
713,brownie
714,rich
714,cocoa
715,tobacco
733,vanilla
738,roasty
827,cocoa
828,spice
829,off
829,notes
838,rich
838,brownie
900,sour
901,dairy
919,roasty
920,spice
921,fat
922,candy
922,tart
985,dried
985,fruit
1008,mild
1008,fruit
1009,candied
1010,sour
1011,flour
1012,tangy
1013,nutty
1014,earthy
1035,coffee
1037,tea
1038,nutty
1042,fruit
1090,rich
1091,fruit
1104,basic
1104,cocoa
1189,floral
1190,nutty
1191,roasty
1192,spice
1193,fruit
1194,rich
1194,cocoa
1195,cardboard
1196,waxy
1209,fruit
1210,banana
1211,mushroom
1213,woody
1280,off
1280,notes
1287,cocoa
1298,cocoa
1299,peanut
1300,rum
1302,cocoa
1303,sweet
1304,roasty
1305,rich
1306,rubber
1325,coffee
1326,rich
1326,cocoa
1349,mild
1349,spice
1350,intense
1381,woody
1407,mint
1408,woody
1409,mild
1409,bitter
1411,rich
1412,fatty
1434,citrus
1445,fruity
1446,red
1446,fruit
1447,floral
1454,sweet
1483,raisin
1484,tea
1485,roasty
1502,smoke
1503,red
1503,fruit
1504,high
1504,astringent
1511,mild
1511,grape
1514,tobacco
1521,fruit
1522,roasty
1574,dairy
1576,spicy
1577,cocoa
1594,acidic
1609,sweet
1636,nutty
1637,earthy
1638,pungent
1639,roasty
1640,metal
1665,nutty
1685,caramel
1686,rubber
1709,rubber
1714,nutty
1734,bourbon
1761,nutty
1762,sour
1805,earthy
1806,orange
1817,fruit
1818,cocoa
1819,smoke
1820,berry
1825,black
1825,pepper
1826,coffee
1834,flat
1836,bitter
1837,bitter
1838,cocoa
1843,vanilla
1844,cocoa
1845,floral
1847,grass
1849,dark
1849,berry
1850,astringent
1851,orange
1852,floral
1853,pungent
1867,intense
1920,strawberry
1956,few
1956,grits
1957,few
1957,grits
1958,sandy
1974,intense
1994,tea
1995,sour
1996,earthy
2003,ham
2004,caramel
2005,marshmallow
2006,smokey
2043,metallic
2045,easy
2045,melt
2046,bold
2047,bourbon
2048,intense
2052,raisins
2085,off
2085,note
2119,grapes
2124,mint
2137,bland
2138,earth
2139,roasty
2140,sour
2141,pungent
2183,hammy
2184,mild
2184,fruit
2185,mocha
2186,ham
2187,nuts
25,vegetal
61,caramel
62,molasses
63,earthy
64,pungent
65,sour
107,cocoa
121,cocoa
122,balanced
124,raspberry
127,chunky
127,melt
130,roasty
132,cocoa
132,base
133,cardboard
169,blueberry
195,fudgy
196,sweet
200,dry
201,molasses
202,black
202,pepper
203,earthy
208,melon
210,pungent
212,berry
213,green
214,pungent
266,sour
268,coffee
269,earthy
299,gateway
314,rich
353,citrus
372,dried
372,fruit
374,dairy
387,acidic
404,mild
404,fruit
406,cherry
407,fatty
408,fuel
423,nutty
424,late
424,cocoa
443,nutty
454,berry
473,molasses
474,sour
475,floral
476,molasses
477,roasty
478,caramel
479,molasses
480,bitter
481,earthy
513,whole
513,bean
532,off
532,sour
532,note
558,fruity
559,nutty
601,roasty
603,burnt
618,fatty
630,rubber
687,rubber
721,chocolate
724,cardboard
767,nutty
768,powdery
769,nutty
797,nutty
798,nuts
799,complex
801,sour
877,raw
909,leather
932,sour
933,gateway
934,earthy
939,cherry
986,coffee
993,artificial
1003,cream
1006,cream
1021,coffee
1039,green
1078,rubber
1151,dairy
1152,off
1200,roasty
1222,off
1296,deep
1296,cocoa
1307,tart
1312,grapes
1313,brownie
1314,sour
1315,roasty
1330,mild
1330,nutty
1331,sweet
1331,edge
1332,off
1332,note
1362,earthy
1428,earthy
1435,acidic
1451,cocoa
1457,molasses
1458,earthy
1459,atypical
1460,gritty
1509,cocoa
1519,nutty
1520,nutty
1536,gateway
1584,spicy
1595,roasty
1649,nuanced
1687,deep
1687,cocoa
1705,spicy
1706,leather
1710,citrus
1736,balanced
1744,slight
1744,sour
1745,intense
1763,roasty
1824,vegetal
1840,fudgy
1854,peanut
1855,cocoa
1857,dairy
1858,earthy
1859,off
1859,note
1868,floral
1869,bitter
1870,pungent
1872,spicy
1873,fresh
1873,nibs
1922,blackberry
1925,deep
1925,cocoa
1927,mild
1927,cocoa
1928,harsh
1928,ending
1947,astringent
1970,earthy
1971,vanilla
1972,nutty
1973,roasty
2009,dry
2025,fatty
2087,lemon
2093,peach
2094,tart
2142,cocoa
2147,roasty
2162,cinnamon
2164,short
2164,length
2188,dairy
2189,burnt
2189,cocoa
2191,bitter
2193,spice
2197,balanced
2198,cocoa
51,gateway
52,floral
53,nibby
54,banana
55,roasty
139,anise
191,berry
192,alcohol
198,tobacco
199,earthy
315,honey
444,caramel
550,nutty
565,astringent
584,toffee
645,cherry
647,grapes
839,grapefruit
867,spicy
868,fatty
872,strong
872,cocoa
878,nut
923,rustic
924,roasty
1095,butterscotch
1096,vanilla
1097,salt
1099,dairy
1100,candied
1135,berries
1136,sour
1215,coffee
1242,earthy
1264,nut
1289,fig
1308,ashy
1399,fatty
1429,spicy
1430,ham
1580,nutty
1581,off
1581,sour
1582,off
1688,hay
1691,sunflower
1692,roasty
1737,rich
1737,cocoa
1771,mellow
1772,nibby
1781,gateway
1842,dried
1842,fruit
1861,melon
1929,marshmallow
1930,woody
1936,basic
1937,roasty
1938,brownie
1939,cocoa
1940,earthy
1941,fruit
1949,grapes
1951,burnt
1951,rubber
1964,off
1964,notes
2086,woody
2088,sour
2089,sweet
2090,hay
2096,nutty
2120,sweet
2180,sweet
2181,off
2181,flavor
26,spice
27,nutty
66,nutty
96,complex
97,roasty
98,roasty
99,vanilla
140,cocoa
141,short
147,hammy
171,sweet
173,nutty
180,large
180,grits
211,roasty
215,fatty
216,sour
217,off
217,note
237,nutty
238,earthy
239,nutty
255,chemical
256,spicy
300,mild
300,coffee
301,complex
304,acidic
305,honey
332,floral
354,hazelnut
355,astringent
356,musty
364,earthy
453,cocoa
458,atypical
494,roasty
496,ham
514,spicy
515,hit
515,of
515,anise
627,grassy
628,unrefined
648,malt
683,fruit
708,roasty
716,grape
739,fruit
742,cocoa
744,spicy
790,nutty
802,cocoa
803,roasty
805,late
805,sour
806,astringent
823,fruity
870,spice
880,cocoa
886,spicy
914,hammy
915,sandy
925,spicy
936,rubber
1015,coconut
1017,molasses
1019,pungent
1043,dried
1043,fruit
1089,vegetal
1101,gritty
1102,sour
1102,fruit
1103,sweet
1107,sour
1107,veggie
1109,grassy
1138,grassy
1168,grits
1169,earthy
1170,dried
1170,fruit
1171,grape
1172,cocoa
1186,sour
1201,roasty
1203,cocoa
1240,cocoa
1243,earthy
1273,hammy
1309,cherry
1310,dirty
1311,hammy
1316,dirty
1327,nutty
1382,rubbery
1388,sandy
1422,chewy
1423,sticky
1425,hammy
1441,spicy
1450,spicy
1452,molasses
1475,sweet
1490,sour
1493,sweet
1524,acidic
1543,some
1543,spice
1566,cocoa
1567,gateway
1568,vegetal
1677,fruit
1678,cocoa
1718,maple
1720,high
1720,astringent
1773,astringent
1807,cocoa
1808,sticky
1809,surface
1809,mark
1865,cocoa
1931,balanced
1933,muted
1976,dried
1976,fruit
1979,off
1979,notes
1980,sour
2070,sweet
2075,acidic
2076,rubber
2127,intense
2128,nutty
2150,poor
2150,aftertaste
2151,poor
2151,aftertaste
2199,dried
2199,fruit
2202,earthy
2221,accessible
2222,mild
2222,fruit
2223,cocoa
0,full
0,body
1,savory
2,bready
36,spicy
37,cocoa
38,rubbery
39,metallic
100,rubbery
142,acidic
170,honey
183,roasty
184,mild
184,fruit
185,sour
257,burnt
257,molasses
271,sour
272,chemical
272,off
272,note
273,off
273,notes
343,melon
365,sour
366,grass
428,vegetal
429,sweet
445,dried
445,fruit
446,floral
459,pure
465,rubbery
492,grassy
516,nutty
517,cocoa
518,acidic
519,sweet
520,basic
521,nutty
529,metallic
604,basic
604,cocoa
605,grapes
631,acidic
649,dried
649,fruit
650,toast
652,sour
653,fruit
654,dirty
655,off
655,notes
691,grassy
692,sweet
693,walnut
709,watery
745,nut
747,burnt
785,creamy
786,creamy
788,mild
788,hammy
807,creamy
808,roasty
809,cocoa
811,late
811,sour
812,vegetal
813,mild
813,off
814,mocha
815,acidic
840,sweet
911,nut
912,astringent
926,strong
926,vanilla
930,woody
931,metallic
940,ashy
988,coconut
989,cocoa
990,dried
990,fruit
991,fruit
994,fatty
995,sandy
996,chemical
1025,nut
1044,fatty
1045,banana
1114,dried
1114,fruit
1115,dried
1115,fruit
1116,fig
1117,acidic
1118,vegetal
1119,fatty
1121,astringent
1166,basic
1166,cocoa
1205,grape
1206,woody
1207,hammy
1219,molasses
1220,molasses
1248,ashy
1249,rubbery
1290,sticky
1370,cocoa
1371,cocoa
1372,dirty
1373,bitter
1400,fatty
1401,nutty
1419,astringent
1420,empty
1421,dirt
1427,floral
1432,nut
1436,floral
1442,classic
1444,sweet
1469,creamy
1470,woody
1489,creamy
1495,off
1585,cocoa
1586,rubbery
1587,roasty
1588,roasty
1590,roasty
1596,high
1596,astringent
1597,poor
1597,aftertaste
1598,soil
1611,dried
1611,fruit
1626,off
1626,flavor
1666,mild
1666,ashy
1669,sl.
1669,burnt
1670,roasty
1671,hammy
1672,intense
1673,ashy
1674,rubbery
1675,sour
1676,sweet
1679,fertilizer
1703,floral
1721,dirty
1722,roasty
1738,fruit
1741,nutty
1742,off
1810,sticky
1811,metallic
1813,sweet
1871,floral
1975,harsh
2007,sticky
2008,fatty
2011,high
2011,roast
2013,sour
2014,roasty
2050,cocoa
2060,floral
2064,sour
2072,sweet
2166,nutty
2167,creamy
2178,candy
30,molasses
31,hammy
528,creamy
560,grassy
561,rubbery
781,fatty
782,sour
783,roasty
784,vinegar
1105,powdery
1132,grassy
1360,savory
1361,dirty
1364,rubbery
1433,creamy
1453,sweet
1507,hammy
1508,dried
1508,fruit
1628,cherry
1629,mocha
1630,rich
1983,dirty
2077,sweet
2078,sour
2079,unrefined
727,sour
771,nutty
953,vanilla
1476,vanilla
1550,vanilla
2099,long
68,fruit
92,cocoa
666,cocoa
667,olive
671,earthy
956,moss
1601,long
1616,cocoa
2056,sour
524,coffee
534,sour
725,chemical
730,smoke
1127,flat
1554,nuts
1555,floral
1557,metallic
1660,smoke
2020,vanilla
2021,sour
153,sour
262,sour
380,rich
509,nutty
626,caramel
731,peanut
731,butter
960,raisin
1034,off
1178,intense
1662,lemon
1800,tart
1886,sour
101,banana
103,coffee
523,sour
1161,burning
1334,earthy
1437,vanilla
1753,complex
1801,citrus
1888,earth
292,nutty
376,fruit
678,nut
760,woody
850,intense
964,orange
1070,bread
1179,spice
1339,coffee
1341,berry
1344,hammy
1531,bitter
1707,cocoa
1803,smoke
1889,cocoa
2206,salt
555,roasty
857,hammy
1282,herb
1285,earthy
1320,rich
1345,rich
1731,roasty
1770,vegetal
1804,cheese
2208,salty
2210,salty
2215,sweet
5,raspberry
7,fig
58,spice
59,fruit
80,cocoa
81,cocoa
309,dairy
324,bland
436,metallic
613,sl.
613,burnt
906,floral
1181,nutty
1183,sweet
1231,candy
1352,nut
1464,roasty
1699,fruit
1756,roasty
1904,dairy
1999,mint
2082,dairy
2118,dairy
297,spice
370,fuel
748,intense
749,blackberry
908,off
979,cocoa
981,nutty
1081,roasty
1187,off
1187,note
1355,raisin
1358,spice
1376,rich
1516,smokey
1607,earthy
1833,licorice
1934,earthy
1992,nutty
2040,fruity
2092,rubber
2131,dairy
2133,fruit
29,cocoa
115,roasty
312,rich
318,sour
485,tang
505,leathery
531,brownie
567,off
582,raisin
901,bland
919,earthy
921,leathery
1012,palm
1037,fatty
1042,fuel
1090,metallic
1190,smoke
1191,fruit
1196,off
1325,nut
1381,roasty
1485,bitter
1502,cocoa
1521,pungent
1636,rich
1637,leathery
1640,sweet
1665,fatty
1761,roasty
1806,rubber
1817,cocoa
1838,roasty
1843,cocoa
1844,mold
1847,spice
2140,raisin
63,roasty
65,off
266,sweet
473,tart
474,bitter
477,earthy
559,fruit
603,off
603,notes
724,nutty
769,off
769,notes
986,roasty
1705,hammy
1868,earthy
1972,roasty
1973,off
1973,notes
2191,fatty
2198,nutty
584,earthy
1215,cocoa
1580,fig
1688,honey
1692,citrus
1941,sour
1949,malt
2089,earthy
2090,off
26,cocoa
171,sour
453,nutty
496,sweet
744,metal
823,nuts
870,floral
925,roasty
1102,gritty
1103,hammy
1475,acidic
36,sweet
37,woody
100,rich
170,sandy
185,off
429,rich
529,dry
605,fatty
631,rich
650,cocoa
652,grassy
654,chemical
691,spicy
692,mild
692,fruit
709,sweet
745,rubbery
747,honey
812,rubbery
911,roasty
994,sandy
995,grape
1025,strawberry
1116,cocoa
1290,intense
1372,coconut
1400,apple
1401,vanilla
1420,sweet
1421,empty
1432,rich
1470,sweet
1585,sour
1673,fatty
1675,chalky
1676,roasty
1703,wine
1722,dirty
1738,nut
1871,medicinal
2008,cardboard
2013,floral
2014,fatty
2050,bitter
2178,licorice
782,off
1364,roasty
1433,fatty
1453,sour
1508,rubbery
1628,rich
2078,savory
